championStats_abilityHaste,championStats_abilityPower,championStats_armor,championStats_armorPen,championStats_armorPenPercent,championStats_attackDamage,championStats_attackSpeed,championStats_bonusArmorPenPercent,championStats_bonusMagicPenPercent,championStats_ccReduction,championStats_cooldownReduction,championStats_health,championStats_healthMax,championStats_healthRegen,championStats_lifesteal,championStats_magicPen,championStats_magicPenPercent,championStats_magicResist,championStats_movementSpeed,championStats_omnivamp,championStats_physicalVamp,championStats_power,championStats_powerMax,championStats_powerRegen,championStats_spellVamp,currentGold,damageStats_magicDamageDone,damageStats_magicDamageDoneToChampions,damageStats_magicDamageTaken,damageStats_physicalDamageDone,damageStats_physicalDamageDoneToChampions,damageStats_physicalDamageTaken,damageStats_totalDamageDone,damageStats_totalDamageDoneToChampions,damageStats_totalDamageTaken,damageStats_trueDamageDone,damageStats_trueDamageDoneToChampions,damageStats_trueDamageTaken,goldPerSecond,jungleMinionsKilled,level,minionsKilled,participantId,position_x,position_y,timeEnemySpentControlled,totalGold,xp,timestamp,info_matchId
abilityHaste,abilityPower,armor,armorPen,armorPenPercent,attackDamage,attackSpeed,bonusArmorPenPercent,bonusMagicPenPercent,ccReduction,cooldownReduction,health,healthMax,healthRegen,lifesteal,magicPen,magicPenPercent,magicResist,movementSpeed,omnivamp,physicalVamp,power,powerMax,powerRegen,spellVamp,currentGold,magicDamageDone,magicDamageDoneToChampions,magicDamageTaken,physicalDamageDone,physicalDamageDoneToChampions,physicalDamageTaken,totalDamageDone,totalDamageDoneToChampions,totalDamageTaken,trueDamageDone,trueDamageDoneToChampions,trueDamageTaken,goldPerSecond,jungleMinionsKilled,level,minionsKilled,participantId,position_x,position_y,timeEnemySpentControlled,totalGold,xp,timestamp,matchId
Int(8),Int(8),Int(8),Int(8),Int(8),Int(8),Int(8),Int(8),Int(8),Int(8),Int(8),Int(8),Int(8),Int(8),Int(8),Int(8),Int(8),Int(8),Int(8),Int(8),Int(8),Int(8),Int(8),Int(8),Int(8),Int(8),Int(8),Int(8),Int(8),Int(8),Int(8),Int(8),Int(8),Int(8),Int(8),Int(8),Int(8),Int(8),Int(8),Int(8),Int(8),Int(8),Int(8),Int(8),Int(8),Int(8),Int(8),Int(8),Bigint(16),Varchar(16)
0,0,33,0,0,25,100,0,0,0,0,630,630,0,0,0,0,32,340,0,0,0,0,0,0,500,0,0,0,0,0,0,0,0,0,0,0,0,0,0,1,0,1,554,581,0,500,0,0,EUW1_7275124164
0,0,33,0,0,79,100,0,0,0,0,720,720,17,3,0,0,32,340,0,0,0,0,0,0,0,0,0,0,0,0,0,0,0,0,0,0,0,0,0,1,0,1,4309,11703,0,500,0,60017,EUW1_7275124164
0,0,33,0,0,83,100,0,0,0,0,589,720,17,3,0,0,32,340,0,0,0,0,0,0,118,0,0,0,762,96,146,762,96,146,0,0,0,0,0,1,4,1,2240,12741,968,618,215,120032,EUW1_7275124164
0,0,39,0,0,83,105,0,0,0,0,433,887,18,3,0,0,35,340,0,0,0,0,0,0,437,0,0,0,3514,884,740,3514,884,740,0,0,0,0,0,3,16,1,3033,12703,4843,937,829,180044,EUW1_7275124164
0,0,42,0,0,96,107,0,0,0,0,1006,1006,19,3,0,0,36,340,0,0,0,0,0,0,213,0,0,0,5204,983,1262,5314,1093,1262,110,110,0,0,0,4,25,1,1641,11436,7123,1213,1351,240066,EUW1_7275124164
0,0,46,0,0,98,110,0,0,0,0,924,1099,20,3,0,0,38,340,0,0,0,0,0,0,575,0,0,0,7297,1134,1552,7407,1244,1552,110,110,0,0,0,5,36,1,1427,11194,9536,1575,1999,300144,EUW1_7275124164
0,0,50,0,0,121,113,0,0,0,0,1033,1225,20,3,0,0,40,522,0,0,0,0,0,0,95,0,0,99,9408,1968,2558,9518,2078,2657,110,110,0,0,0,6,41,1,665,1123,12081,1795,2491,360148,EUW1_7275124164
0,0,50,0,0,121,113,0,0,0,0,1091,1225,20,3,0,0,40,340,0,0,0,0,0,0,744,0,0,99,12049,2429,2784,12307,2607,2883,258,178,0,0,0,6,44,1,4032,13632,12983,2444,2722,420149,EUW1_7275124164
0,0,54,0,0,132,116,0,0,0,0,1227,1324,21,3,0,0,41,340,0,0,0,0,0,0,993,0,0,99,14260,2762,2903,14550,2940,3002,290,178,0,0,0,7,50,1,1150,10656,14987,2693,3188,480176,EUW1_7275124164
0,0,54,0,0,148,116,0,0,0,0,1354,1354,21,3,0,0,41,340,0,0,0,0,0,0,317,0,0,377,16959,3667,4043,17249,3845,4421,290,178,0,0,0,7,55,1,1282,10143,20528,2892,3462,540212,EUW1_7275124164
0,0,58,0,0,152,120,0,0,0,0,1210,1457,106,3,0,0,43,340,0,0,0,0,0,0,703,0,0,377,22691,4000,4386,22981,4178,4764,290,178,0,0,0,8,67,1,2545,11616,28332,3279,4200,600236,EUW1_7275124164
0,0,58,0,0,159,120,0,0,0,0,1457,1457,22,3,0,0,43,365,0,0,0,0,0,0,207,0,0,609,25880,5388,5649,26380,5776,6258,500,388,0,0,0,8,68,1,3495,8425,33731,3432,4295,660248,EUW1_7275124164
0,0,62,0,0,163,123,0,0,0,0,1564,1564,23,3,0,0,45,365,0,0,0,0,0,0,576,0,0,609,32092,5719,5909,32592,6107,6518,500,388,0,0,2,9,76,1,2438,13484,35503,3801,5041,720272,EUW1_7275124164
0,0,62,0,0,166,123,0,0,0,0,1560,1564,23,3,0,0,45,365,0,0,0,0,0,0,990,0,0,609,38830,6249,6054,39330,6637,6663,500,388,0,0,2,9,89,1,1541,11014,40981,4215,5689,780298,EUW1_7275124164
0,0,67,0,0,207,127,0,0,0,0,1229,1674,24,3,0,0,47,365,0,0,0,0,0,0,1544,0,0,753,46323,8058,6875,47007,8630,7629,684,572,0,0,2,10,96,1,1138,10857,49532,4769,7039,840313,EUW1_7275124164
0,0,73,0,0,198,130,0,0,0,0,1688,1787,25,3,0,0,49,385,0,0,0,0,0,0,274,0,0,753,51457,9101,7057,52141,9673,7810,684,572,0,0,2,11,104,1,1411,12461,52204,5025,7605,900321,EUW1_7275124164
0,0,67,0,0,225,130,0,0,0,0,328,1787,25,3,0,0,49,385,0,0,0,0,0,0,745,0,0,990,60749,11379,8720,61433,11951,9710,684,572,0,0,2,11,115,1,2333,12090,60225,5495,8527,960343,EUW1_7275124164
0,0,101,0,0,204,134,0,0,0,0,1826,1904,26,3,0,0,52,385,0,0,0,0,0,0,309,0,0,990,68031,11379,8924,69003,11951,9914,972,572,0,0,2,12,122,1,1384,8767,62095,6109,8973,1020368,EUW1_7275124164
0,0,106,0,0,214,134,0,0,0,0,0,1904,26,3,0,0,54,385,0,0,0,0,0,0,131,0,0,1834,69752,12887,10186,71014,13749,12076,1262,862,55,0,2,12,122,1,4206,7393,64934,6281,9059,1080393,EUW1_7275124164
0,0,111,0,0,220,138,0,0,0,0,2025,2025,27,3,0,0,57,385,0,0,0,0,0,0,634,0,0,1834,80167,12887,10244,81431,13749,12134,1264,862,55,0,2,13,136,1,3540,9847,71804,6784,10012,1140412,EUW1_7275124164
0,0,111,0,0,222,138,0,0,0,0,2025,2025,27,3,0,0,57,385,0,0,0,0,0,0,826,0,0,1834,81825,12887,10244,83089,13749,12134,1264,862,55,0,2,13,141,1,1327,10933,71804,6976,10588,1200431,EUW1_7275124164
0,0,111,0,0,246,138,0,0,0,0,0,2025,27,3,0,0,57,385,0,0,0,0,0,0,1243,0,0,2820,90676,14881,11673,91940,15743,14685,1264,862,191,0,2,13,151,1,5349,13100,77652,7393,11254,1260434,EUW1_7275124164
0,0,123,0,0,236,142,0,0,0,0,2473,2549,29,3,0,0,60,385,0,0,0,0,0,0,276,0,0,2820,92937,14881,11767,94201,15743,14779,1264,862,191,0,2,14,151,1,8412,2599,79590,7566,12247,1320446,EUW1_7275124164
0,0,123,0,0,242,142,0,0,0,0,0,2549,29,3,0,0,60,385,0,0,0,0,0,0,257,0,0,3500,102909,15797,14201,104309,16791,17893,1400,994,191,0,6,14,159,1,13961,4922,85936,8047,12908,1380447,EUW1_7275124164
0,0,139,0,0,242,142,0,0,0,0,2549,2549,29,3,0,0,60,385,0,0,0,0,0,0,109,0,0,3500,102913,15797,14201,104313,16791,17893,1400,994,191,0,6,14,160,1,10190,5780,85936,8204,12908,1440449,EUW1_7275124164
0,0,144,0,0,245,146,0,0,7,0,0,2676,30,3,0,0,62,385,0,0,0,0,0,0,314,0,0,4308,112620,19698,16981,114020,20692,21481,1400,994,191,0,6,15,164,1,13221,2908,91890,8409,13323,1500453,EUW1_7275124164
0,0,160,0,0,245,146,0,0,7,0,2627,2676,30,3,0,0,62,385,0,0,0,0,0,0,241,0,0,4308,117964,19698,17077,119364,20692,21576,1400,994,191,0,6,15,170,1,7940,8132,93794,8636,13599,1560474,EUW1_7275124164
0,0,160,0,0,270,146,0,0,7,0,18,2676,30,3,0,0,62,385,0,0,0,0,0,0,141,0,0,4624,121043,22531,20433,122793,23875,25248,1750,1344,191,0,6,15,171,1,8195,13478,95991,9386,14307,1620482,EUW1_7275124164
0,0,160,0,0,270,146,0,0,7,0,2676,2676,30,3,0,0,62,385,0,0,0,0,0,0,326,0,0,4624,124674,22531,20433,126424,23875,25248,1750,1344,191,0,6,15,174,1,7910,7632,99481,9571,14517,1680488,EUW1_7275124164
0,0,166,0,0,274,150,0,0,7,0,2324,2807,31,3,0,0,65,385,0,0,0,0,0,0,844,0,0,4680,138551,22531,21170,140301,23875,26041,1750,1344,191,0,6,16,187,1,9982,8492,103322,10089,15173,1740500,EUW1_7275124164
0,0,166,0,0,284,150,0,0,15,0,0,2807,31,3,0,0,65,385,0,0,0,0,0,0,332,0,0,6264,140003,23983,22654,141753,25327,29111,1750,1344,191,0,6,16,187,1,4868,10072,104498,10277,15390,1800517,EUW1_7275124164
0,0,166,0,0,284,150,0,0,15,0,2785,2807,31,3,0,0,65,385,0,0,0,0,0,0,657,0,0,6264,147180,23983,22714,148930,25327,29171,1750,1344,191,0,6,16,195,1,7013,7123,106832,10601,15791,1860518,EUW1_7275124164
0,0,172,0,0,287,155,0,0,15,0,2850,2942,32,3,0,0,68,385,0,0,0,0,0,0,1259,0,0,6264,163655,23983,23022,165405,25327,29478,1750,1344,191,0,6,17,210,1,5248,7319,110860,11204,16647,1920521,EUW1_7275124164
0,0,172,0,0,287,155,0,0,15,0,562,2942,32,3,0,0,68,385,0,0,0,0,0,0,1972,0,0,6528,170934,24802,25557,172864,26146,32277,1930,1344,191,0,6,17,219,1,9057,11337,113933,11917,17562,1980528,EUW1_7275124164
0,0,193,0,0,322,155,0,0,15,0,2942,2942,32,3,0,0,68,385,0,0,0,0,0,0,894,0,0,6528,180941,24802,25594,182875,26146,32337,1934,1344,215,0,10,17,225,1,8871,6548,118609,12339,18083,2040529,EUW1_7275124164
0,0,199,0,0,326,159,0,0,15,0,440,3080,34,3,0,0,71,385,0,0,0,0,0,0,1633,0,0,8508,188345,28432,26995,190407,29902,36680,2062,1469,1176,0,10,18,232,1,10953,4180,122589,13088,18972,2100553,EUW1_7275124164
0,0,199,0,0,326,159,0,0,22,0,479,3080,34,3,0,0,71,385,0,0,0,0,0,0,1651,0,0,8508,189253,28432,26995,191316,29902,36690,2062,1469,1186,0,10,18,232,1,9235,5412,122589,13105,19082,2109423,EUW1_7275124164
0,0,32,0,0,25,100,0,0,0,0,610,610,0,0,0,0,32,340,0,0,0,60,0,0,500,0,0,0,0,0,0,0,0,0,0,0,0,0,0,1,0,2,593,464,0,500,0,0,EUW1_7275124164
0,0,32,0,0,65,113,0,0,0,0,620,620,12,0,0,0,32,340,0,0,0,60,0,0,50,0,0,0,0,0,0,0,0,0,0,0,0,0,0,1,0,2,9029,11332,0,500,0,60017,EUW1_7275124164
0,0,35,0,0,66,113,0,0,0,0,650,701,19,0,0,0,33,340,0,0,0,60,0,0,256,0,0,0,3242,0,359,4655,0,359,1412,0,0,0,8,2,0,2,4551,8499,0,706,475,120032,EUW1_7275124164
0,0,38,0,0,67,137,0,0,0,0,377,786,21,0,0,0,35,340,0,0,0,60,0,0,599,0,0,567,8657,0,1266,11768,0,1834,3111,0,0,0,18,3,0,2,4003,6117,47920,1049,880,180044,EUW1_7275124164
0,0,42,0,0,68,117,0,0,0,0,729,874,14,0,0,0,36,340,0,0,0,60,0,0,932,189,56,686,13279,393,1651,17788,450,2337,4319,0,0,0,28,4,0,2,6259,9009,91667,1382,1290,240066,EUW1_7275124164
0,0,42,0,0,78,157,0,0,0,0,788,874,14,0,0,0,36,340,0,0,0,60,0,0,65,711,56,686,18089,393,2064,25396,450,2751,6595,0,0,0,36,4,0,2,7959,4091,109006,1640,1566,300144,EUW1_7275124164
0,0,46,0,0,80,138,0,0,0,0,965,965,35,0,0,0,38,340,0,0,0,60,0,0,482,1039,56,1027,23931,393,2627,33623,450,3655,8652,0,0,0,48,5,0,2,3718,9656,136631,2057,2191,360148,EUW1_7275124164
0,0,50,0,0,81,171,0,0,0,0,880,1061,80,0,0,0,40,340,0,0,0,60,0,0,839,1815,119,1027,34702,851,4260,49720,997,5288,13201,27,0,0,54,6,0,2,7240,10714,173042,2414,2527,420149,EUW1_7275124164
0,0,50,0,0,91,192,0,0,0,0,1037,1061,80,0,0,0,40,340,0,0,0,60,0,0,256,1999,119,1027,41231,851,5058,59563,997,6086,16333,27,0,0,62,6,0,2,7041,5268,196378,2756,2984,480176,EUW1_7275124164
0,0,54,0,0,92,197,0,0,0,0,1159,1159,87,0,0,0,41,340,0,0,0,60,0,0,718,2434,119,1310,50391,851,5964,73004,997,7275,20178,27,0,0,74,7,4,2,2331,8324,246927,3218,3682,540212,EUW1_7275124164
0,0,59,0,0,95,197,0,0,0,0,1385,1385,18,0,0,0,43,350,0,0,38,60,0,0,1476,3269,189,1418,57324,1289,6236,84028,1558,7654,23434,79,0,0,86,8,8,2,10170,6107,278024,3976,4668,600236,EUW1_7275124164
0,0,41,0,0,140,344,0,0,0,0,362,1415,18,20,0,0,43,390,0,0,162,180,0,0,486,3615,284,1792,62118,1752,7383,92691,2148,9176,26956,111,0,0,88,8,9,2,4686,9536,280967,4191,4854,660248,EUW1_7275124164
0,0,63,0,0,133,188,0,0,0,0,1334,1367,20,0,0,0,45,390,0,0,0,180,0,0,419,3732,284,2019,66143,1966,7881,99104,2362,9901,29228,111,0,0,92,9,9,2,3932,6569,283208,4474,5303,720272,EUW1_7275124164
0,0,63,0,0,133,190,0,0,0,0,1367,1367,102,0,0,0,45,390,0,0,0,180,0,0,851,4627,368,2082,76706,2193,8650,113243,2718,10733,31908,156,0,0,104,9,10,2,10089,3286,301663,4911,5911,780298,EUW1_7275124164
0,0,68,0,0,156,223,0,0,0,0,123,1476,21,0,0,0,47,135,0,0,0,180,0,0,1495,4827,451,2744,80868,2862,9725,118901,3708,12521,33204,394,51,0,108,10,10,2,13468,2606,325635,5555,6498,840313,EUW1_7275124164
0,0,68,0,0,156,234,0,0,0,0,1388,1476,21,0,0,0,47,390,0,0,0,180,0,0,382,5418,451,2872,89607,2862,10322,130715,3708,13247,35689,394,51,0,116,10,10,2,2199,8403,334310,5892,6995,900321,EUW1_7275124164
0,0,68,0,0,183,278,0,0,0,0,1823,1828,22,0,0,0,49,390,0,0,58,60,0,0,1065,5521,554,3124,100779,3502,10611,144397,4478,13787,38096,422,51,0,128,11,10,2,2291,12154,336181,6575,8109,960343,EUW1_7275124164
0,0,78,0,0,179,284,0,0,0,0,1872,1944,23,0,0,0,52,390,0,0,151,180,0,0,1462,5581,614,3195,105191,3793,11562,156843,4830,14810,46070,422,51,0,132,12,11,2,8742,10157,336181,6977,8582,1020368,EUW1_7275124164
0,0,82,0,0,174,304,0,0,0,0,932,2406,23,0,0,0,54,511,0,0,151,180,0,0,179,5695,614,3600,105957,4366,12777,159310,5740,16679,47657,759,301,0,136,12,11,2,9928,8145,340581,7194,8769,1080393,EUW1_7275124164
0,0,82,0,0,177,270,0,0,0,0,848,2406,23,0,0,0,54,390,0,0,91,180,0,0,886,6833,718,3942,119480,4612,13998,177590,6090,18243,51276,759,301,0,148,12,11,2,3400,6572,370043,7901,9626,1140412,EUW1_7275124164
0,0,87,0,0,180,326,0,0,0,0,2526,2526,176,0,0,0,104,511,0,0,31,180,0,0,267,8223,718,3942,136608,4612,14756,202699,6090,19001,57867,759,301,0,163,13,11,2,3677,7866,403131,8382,10670,1200431,EUW1_7275124164
0,0,77,0,0,180,330,0,0,0,0,1516,2526,25,0,0,0,93,442,0,0,55,60,0,0,973,8450,837,4365,142609,5174,16352,213954,6809,21019,62894,797,301,0,167,13,13,2,3758,11275,415672,9098,11167,1260434,EUW1_7275124164
0,0,100,0,0,190,310,0,0,0,0,2688,2775,27,0,0,0,110,509,0,0,31,60,0,0,1924,10295,914,4986,155978,6397,17408,233174,8401,22697,66900,1089,301,0,179,15,13,2,8134,10079,444797,10048,13169,1320446,EUW1_7275124164
0,0,116,0,0,190,313,0,0,20,0,0,2523,27,0,0,0,110,390,0,0,0,60,0,0,451,10816,1170,5860,163705,7788,19895,243110,10382,26125,68588,1423,368,0,183,15,13,2,13499,4305,460861,10576,13662,1380447,EUW1_7275124164
0,0,116,0,0,190,349,0,0,20,0,2491,2523,27,0,0,0,110,390,0,0,0,60,0,0,678,11066,1170,5860,167923,7788,19982,252617,10382,26212,73627,1423,368,0,187,15,14,2,10008,5106,466467,10803,13847,1440449,EUW1_7275124164
0,0,122,0,0,192,432,0,0,26,0,2922,2955,29,0,0,0,113,390,0,0,14,60,0,0,1099,13734,1170,6057,183179,7788,20857,276679,10382,27283,79766,1423,368,0,203,16,14,2,6580,7724,487860,11223,14738,1500453,EUW1_7275124164
0,0,122,0,0,192,325,0,0,26,0,2441,2653,29,0,0,0,113,481,0,0,0,60,0,0,1510,15800,1515,6162,193645,8836,21607,290599,11892,28223,81155,1539,452,0,207,16,22,2,7812,11787,518944,11640,15295,1560474,EUW1_7275124164
0,0,138,0,0,192,334,0,0,26,0,0,2653,29,0,0,0,113,410,0,0,47,60,0,0,1552,16327,2043,7339,195983,11175,24125,293686,14978,32039,81375,1760,574,0,207,16,22,2,6753,13430,529347,12281,15954,1620482,EUW1_7275124164
0,0,138,0,0,212,365,0,0,26,0,2542,2653,29,0,0,0,113,410,0,0,0,60,0,0,349,17336,2043,7339,205052,11175,24592,306070,14978,32505,83682,1760,574,0,211,16,22,2,3966,7800,534023,12529,16154,1680488,EUW1_7275124164
0,0,144,0,0,214,409,0,0,26,0,2207,2786,30,0,0,0,116,410,0,0,0,60,0,0,618,18014,2467,7386,210824,12651,26044,313523,17364,34005,84685,2246,574,0,215,17,23,2,10997,8533,538617,12802,16794,1740500,EUW1_7275124164
0,0,144,0,0,214,375,0,0,31,0,0,2786,30,0,0,0,116,410,0,0,35,60,0,0,875,20112,2573,7883,224312,13507,29486,334527,18454,38192,90103,2373,822,0,223,17,23,2,6137,6481,544647,13059,17638,1800517,EUW1_7275124164
0,0,144,0,0,214,418,0,0,31,0,2786,2786,30,0,0,0,116,548,0,0,0,60,0,0,547,20112,2573,7883,224312,13507,29486,334527,18454,38192,90103,2373,822,0,223,17,23,2,3880,911,544647,13182,17638,1860518,EUW1_7275124164
0,0,150,0,0,240,423,0,0,31,0,2916,2923,32,0,0,0,118,423,0,0,0,60,0,0,931,21837,2597,8075,235919,13838,29723,350509,18809,38620,92753,2373,822,0,234,18,23,2,5294,5603,556799,13565,18428,1920521,EUW1_7275124164
0,0,150,0,0,225,525,0,0,31,0,2176,3249,32,0,0,0,118,479,0,0,53,60,0,0,1581,22858,3163,8638,243220,16007,31240,362764,22320,41376,96685,3148,1497,0,234,18,29,2,11841,10703,571205,14215,19414,1980528,EUW1_7275124164
0,0,166,0,0,226,398,0,0,31,0,85,2923,32,0,0,0,118,410,0,0,49,60,0,0,303,22858,3163,8638,243342,16129,33496,362885,22441,43632,96685,3148,1497,0,234,18,29,2,12753,10596,574219,14337,19414,2040529,EUW1_7275124164
0,0,166,0,0,226,532,0,0,31,0,2741,3261,32,20,0,0,118,410,0,0,54,60,0,0,810,24093,3595,9350,248537,17046,34533,370982,23892,45380,98352,3250,1497,0,234,18,32,2,10392,4882,585673,14854,19993,2100553,EUW1_7275124164
0,0,166,0,0,226,536,0,0,38,0,3114,3261,32,0,0,0,118,410,0,0,56,60,0,0,893,24571,3595,9350,250975,17046,34931,376158,23892,45778,100612,3250,1497,0,238,18,32,2,10206,4854,585673,14937,20183,2109423,EUW1_7275124164
0,0,21,0,0,25,100,0,0,0,0,580,580,0,0,0,0,30,330,0,0,480,480,0,0,500,0,0,0,0,0,0,0,0,0,0,0,0,0,0,1,0,3,557,345,0,500,0,0,EUW1_7275124164
0,27,21,0,0,54,110,0,0,0,0,680,680,11,0,0,0,30,330,0,0,480,480,15,0,0,0,0,0,0,0,0,0,0,0,0,0,0,0,0,1,0,3,8727,6436,0,500,0,60017,EUW1_7275124164
0,27,21,0,0,54,110,0,0,0,0,366,680,91,0,0,0,30,330,0,0,459,480,15,0,132,517,0,217,696,47,140,1213,47,398,0,0,40,0,0,1,5,3,7477,7009,8851,632,276,120032,EUW1_7275124164
0,27,27,0,0,58,113,0,0,0,0,580,860,12,0,0,0,31,330,0,0,332,574,17,0,416,2236,263,441,1187,47,140,3451,311,645,27,0,63,0,0,3,14,3,8736,6459,56384,916,829,180044,EUW1_7275124164
0,27,31,0,0,61,115,0,0,0,0,404,956,13,0,0,0,32,330,0,0,173,622,18,0,769,4339,377,715,1847,47,159,6213,425,996,27,0,121,0,0,4,25,3,6927,7387,82437,1269,1445,240066,EUW1_7275124164
0,67,35,0,0,64,117,0,0,0,0,942,1056,14,0,0,0,34,330,0,0,972,972,19,0,64,5950,653,1055,2658,47,247,8636,700,1454,27,0,151,0,0,5,33,3,1086,1193,108191,1839,2081,300144,EUW1_7275124164
0,67,39,0,0,67,119,0,0,0,0,659,1160,15,0,0,0,35,330,0,0,721,1023,20,0,389,8726,1074,1417,3439,47,331,12248,1121,1934,82,0,185,0,0,6,45,3,6676,6617,142914,2164,2643,360148,EUW1_7275124164
0,67,43,0,0,69,122,0,0,0,0,826,1268,16,0,0,0,36,330,0,0,950,1100,22,0,798,12075,1944,1634,3937,109,331,18834,2054,2188,2821,0,223,0,0,7,54,3,6910,6987,175082,2573,3276,420149,EUW1_7275124164
0,97,43,0,0,69,122,0,0,0,0,0,1268,16,0,0,0,36,330,0,0,562,1150,22,0,161,15163,2606,2411,4537,109,443,22556,2716,3119,2855,0,264,0,0,7,62,3,5360,7115,201336,2836,3675,480176,EUW1_7275124164
0,97,43,0,0,69,122,0,0,0,0,1268,1268,16,0,0,0,36,330,0,0,961,1150,22,0,388,17673,2606,2411,4837,109,443,25367,2716,3119,2855,0,264,0,0,7,68,3,6054,6845,225195,3063,3952,540212,EUW1_7275124164
0,98,48,0,0,73,124,0,0,0,0,703,1379,17,0,0,0,37,330,0,0,634,1203,23,0,1085,25277,3326,2918,5582,158,642,33834,3484,3870,2975,0,309,0,0,8,81,3,7701,7690,285584,3760,4930,600236,EUW1_7275124164
0,118,52,0,0,76,126,0,0,0,0,1494,1494,18,0,0,0,38,355,0,0,873,1532,25,0,673,30166,5726,2918,5946,203,642,39139,5929,3870,3026,0,309,0,0,9,88,3,4970,9026,317592,4348,5779,660248,EUW1_7275124164
0,111,57,0,0,79,129,0,0,0,0,1433,1613,19,0,0,0,40,355,0,0,370,1562,26,0,1478,36979,6779,2982,7111,452,848,47159,7232,4161,3069,0,329,0,0,10,102,3,7849,7844,333705,5153,6533,720272,EUW1_7275124164
0,111,57,0,0,79,129,0,0,0,0,1224,1613,19,0,0,0,40,355,0,0,84,1562,26,0,1766,38789,7360,2982,7702,452,1175,49647,7813,4488,3156,0,329,0,0,10,108,3,6684,6632,355628,5441,6996,780298,EUW1_7275124164
0,136,62,0,0,82,131,0,0,0,0,1736,1736,20,0,12,0,41,375,0,0,1513,1593,28,0,394,42470,7360,2982,8386,452,1175,54062,7813,4488,3205,0,329,0,0,11,118,3,11274,4647,381975,5794,7583,840313,EUW1_7275124164
0,145,62,0,0,82,131,0,0,0,0,1450,1736,20,0,12,0,41,375,0,0,845,1593,28,0,826,49855,8811,3048,8779,667,1510,61982,9479,4888,3347,0,329,0,0,11,127,3,7551,7319,417049,6231,8384,900321,EUW1_7275124164
0,145,67,0,0,86,134,0,0,0,0,1585,1863,21,0,12,0,42,375,0,0,234,1625,29,0,1321,54894,11843,3048,9507,853,1631,67749,12696,5009,3347,0,329,0,0,12,132,3,2715,11244,440058,6726,9421,960343,EUW1_7275124164
0,147,72,0,0,90,137,0,0,0,0,1813,1993,23,0,12,0,44,375,0,0,117,1658,31,0,1817,61261,11843,3048,10796,853,1668,75456,12696,5046,3397,0,329,0,0,13,147,3,7329,7526,478405,7222,10170,1020368,EUW1_7275124164
0,198,76,0,0,90,137,0,0,0,0,1723,1993,23,0,12,0,46,375,0,0,1168,1658,31,0,618,65574,13679,3303,11390,975,1705,80397,14654,5338,3432,0,329,0,0,13,154,3,7505,7153,503824,7874,11304,1080393,EUW1_7275124164
0,201,81,0,0,93,140,0,0,0,0,0,2127,24,0,12,0,48,375,0,0,792,1692,33,0,1250,73620,18024,4238,11701,1095,2749,88848,19120,7357,3525,0,369,0,0,14,161,3,6674,11437,533386,8505,11750,1140412,EUW1_7275124164
0,230,81,0,0,93,140,0,0,0,0,2127,2127,24,0,12,13,48,375,0,0,1354,1692,33,0,370,78722,18024,4238,11895,1095,2749,94180,19120,7357,3562,0,369,0,0,14,167,3,7135,7288,553897,8725,12262,1200431,EUW1_7275124164
0,230,41,0,0,93,140,0,0,0,0,523,2127,24,0,12,13,8,375,0,0,1007,1692,33,0,751,84231,20097,5179,12845,1262,3494,104890,21360,9043,7813,0,369,0,0,14,171,3,3065,12396,576307,9106,12683,1260434,EUW1_7275124164
0,285,88,0,0,97,143,0,0,0,0,2244,2265,161,0,14,13,50,375,0,0,1727,1727,34,0,505,86331,20648,5419,12996,1262,3803,107357,21911,9592,8029,0,369,0,0,15,172,3,4258,4110,576307,9710,14078,1320446,EUW1_7275124164
0,286,88,0,0,97,143,0,0,0,0,1768,2265,25,0,14,13,50,375,0,0,986,1727,34,0,717,90491,24459,5419,13150,1317,4357,111671,25776,10145,8029,0,369,0,0,15,174,3,11785,4126,585711,9922,14394,1380447,EUW1_7275124164
0,286,94,0,0,101,146,0,0,0,0,2328,2407,26,0,14,13,51,375,0,0,517,1764,36,0,1123,99594,26895,5419,13883,1317,4448,121574,28212,10237,8096,0,369,0,0,16,186,3,8156,7493,618519,10332,14946,1440449,EUW1_7275124164
0,311,94,0,0,101,146,0,0,7,0,2407,2407,26,0,14,39,51,375,0,0,1640,1764,36,0,369,104684,26895,5419,14580,1317,4512,127410,28212,10301,8145,0,369,0,0,16,192,3,7859,787,635158,10629,15313,1500453,EUW1_7275124164
0,376,100,0,0,105,149,0,0,7,0,2553,2553,28,0,14,39,53,375,0,0,1801,1801,38,0,23,120160,28452,5419,15991,1426,5220,144316,29879,11008,8164,0,369,0,0,17,209,3,4761,4809,677983,11483,16987,1560474,EUW1_7275124164
0,376,100,0,0,105,149,0,0,7,0,125,2553,28,0,14,39,53,375,0,0,995,1801,38,0,1662,134093,34203,5785,16316,1641,7375,158874,36061,13530,8464,216,369,0,0,17,216,3,6020,13220,711921,13121,18011,1620482,EUW1_7275124164
0,423,100,0,0,105,149,0,0,7,0,2463,2463,28,0,14,39,53,375,0,0,1801,1801,38,0,819,141863,34203,5785,16689,1641,7502,167103,36061,13657,8549,216,369,0,4,17,216,3,3494,8916,721877,13319,18156,1680488,EUW1_7275124164
0,423,107,0,0,110,152,0,0,7,0,2440,2613,29,0,14,39,55,375,0,0,1840,1840,274,0,1765,154720,34250,5785,17566,1641,7818,180997,36108,13972,8710,216,369,0,4,18,234,3,8733,9861,762846,14265,18902,1740500,EUW1_7275124164
0,549,107,0,0,110,152,0,0,15,0,0,2613,29,0,14,39,55,375,0,0,1739,1840,40,0,994,163601,39279,7435,17941,1796,8768,190785,41744,16650,9242,669,447,0,4,18,237,3,3987,8502,786770,14693,19328,1800517,EUW1_7275124164
0,549,107,0,0,110,152,0,0,15,0,2613,2613,29,0,18,44,55,380,0,0,1840,1840,40,0,366,163601,39279,7435,17941,1796,8768,190785,41744,16650,9242,669,447,0,4,18,237,3,5662,1520,786770,14815,19328,1860518,EUW1_7275124164
0,583,107,0,0,110,152,0,0,15,0,430,2613,29,0,18,44,55,380,0,0,1119,1840,40,0,895,179002,40847,9402,18780,1796,9049,207104,43313,18977,9321,669,525,0,4,18,251,3,4691,5021,835870,15345,20123,1920521,EUW1_7275124164
0,588,107,0,0,110,152,0,0,15,0,1620,2813,29,0,18,44,55,380,0,0,1398,1840,40,0,537,184258,44142,9462,19048,1947,9524,212629,46760,19512,9321,669,525,0,4,18,252,3,10828,10244,850228,16286,20718,1980528,EUW1_7275124164
0,653,107,0,0,110,152,0,0,15,0,2813,2813,29,0,18,44,55,380,0,0,1450,1840,70,0,550,196213,47700,9976,19127,1947,9627,224753,50318,20129,9412,669,525,0,8,18,253,3,6985,3952,868450,16799,21105,2040529,EUW1_7275124164
0,653,107,0,0,110,152,0,0,15,0,2407,2813,29,0,18,44,55,380,0,0,1083,1840,70,0,1017,210692,52229,9976,20084,1947,10175,253839,55345,20677,23062,1167,525,0,8,18,263,3,8721,6991,898489,17266,22208,2100553,EUW1_7275124164
0,653,107,0,0,110,152,0,0,22,0,2432,2813,29,0,18,44,55,380,0,0,962,1840,70,0,1076,213332,52229,9976,20304,1947,10175,256699,55345,20677,23062,1167,525,0,8,18,266,3,8630,8021,901763,17325,22348,2109423,EUW1_7275124164
0,0,21,0,0,25,100,0,0,0,0,580,580,0,0,0,0,30,330,0,0,480,480,0,0,500,0,0,0,0,0,0,0,0,0,0,0,0,0,0,1,0,4,458,271,0,500,0,0,EUW1_7275124164
0,36,21,0,0,54,100,0,0,0,0,680,680,11,0,0,0,30,330,0,0,459,505,14,0,0,210,210,0,0,0,0,220,220,0,10,10,0,0,0,1,0,4,10327,3125,3908,500,0,60017,EUW1_7275124164
0,36,21,0,0,54,100,0,0,0,0,548,680,11,0,0,0,30,330,0,0,412,530,14,0,111,1002,210,0,203,85,135,1225,316,135,20,20,0,0,0,1,4,4,11616,1499,13928,611,160,120032,EUW1_7275124164
0,56,24,0,0,56,102,0,0,0,0,761,761,11,0,0,0,30,509,0,0,596,596,15,0,76,1462,630,80,1299,218,824,2794,881,904,32,32,0,0,0,2,11,4,1828,728,23204,976,439,180044,EUW1_7275124164
0,56,28,0,0,58,104,0,0,0,0,846,846,12,0,0,0,31,330,0,0,597,614,16,0,451,2038,630,80,1982,218,828,4053,881,909,32,32,0,0,0,3,23,4,11317,1817,30419,1351,885,240066,EUW1_7275124164
0,56,32,0,0,61,106,0,0,0,0,863,934,13,0,0,0,32,330,0,0,361,683,17,0,728,3037,1116,235,2859,527,911,5952,1699,1147,55,55,0,0,0,4,28,4,10809,2313,45132,1628,1404,300144,EUW1_7275124164
0,76,37,0,0,64,109,0,0,0,0,1025,1025,14,0,0,0,34,438,0,0,1002,1002,18,0,60,4776,1116,235,3907,527,1069,8739,1699,1304,55,55,0,0,0,5,41,4,2993,705,76865,1990,1765,360148,EUW1_7275124164
0,76,37,0,0,64,109,0,0,0,0,136,1025,97,0,0,0,34,330,0,0,722,1027,18,0,507,7413,1575,396,4537,618,1892,12024,2268,2288,73,73,0,0,0,5,50,4,9389,2295,88425,2437,2103,420149,EUW1_7275124164
0,96,41,0,0,67,111,0,0,0,0,1121,1121,15,0,0,0,35,330,0,0,1047,1047,20,0,413,9808,1575,396,5072,618,1892,14954,2268,2288,73,73,0,0,0,6,58,4,12558,2456,114946,2743,2593,480176,EUW1_7275124164
0,96,41,0,0,67,111,0,0,0,0,227,1121,15,0,0,0,35,330,0,0,355,1097,20,0,657,11621,2520,449,5644,755,2743,17359,3370,3192,93,93,0,0,0,6,65,4,10583,877,129285,2992,3050,540212,EUW1_7275124164
0,122,46,0,0,69,114,0,0,0,0,0,1219,16,0,0,0,36,330,0,0,277,1143,21,0,257,12498,2520,802,5992,803,3189,18585,3418,3992,93,93,0,0,0,7,67,4,12623,1997,139206,3292,3469,600236,EUW1_7275124164
0,123,46,0,0,69,114,0,0,0,0,421,1219,99,0,0,0,36,330,0,0,761,1143,21,0,501,16573,3288,802,6515,896,4085,23227,4323,4887,138,138,0,0,0,7,74,4,10668,1248,158186,3536,3831,660248,EUW1_7275124164
0,125,51,0,0,73,117,0,0,0,0,594,1321,17,0,0,0,37,330,0,0,764,1165,23,0,915,20927,3288,802,7493,896,4241,28559,4323,5044,138,138,0,0,0,8,87,4,12573,2902,173029,3950,4621,720272,EUW1_7275124164
0,155,56,0,0,76,120,0,0,0,0,1477,1477,18,0,0,0,38,355,0,0,1407,1488,24,0,151,27235,3288,802,7961,896,4409,35335,4323,5211,138,138,0,0,0,9,98,4,10764,2244,183584,4326,5207,780298,EUW1_7275124164
0,159,56,0,0,76,120,0,0,0,0,811,1477,18,0,0,0,28,248,0,0,905,1488,24,0,496,32668,4224,1109,8365,1142,4794,41251,5585,5904,217,217,0,0,0,9,107,4,13066,3844,212079,4671,5679,840313,EUW1_7275124164
0,170,56,0,0,76,120,0,0,0,0,1477,1477,18,0,12,0,38,375,0,0,1488,1488,24,0,97,34738,6045,1726,8413,1191,4933,43423,7507,6659,270,270,0,0,0,9,107,4,7025,1326,223538,5072,6080,900321,EUW1_7275124164
0,176,61,0,0,79,123,0,0,0,0,1586,1586,19,0,12,0,40,375,0,0,1128,1511,26,0,516,42376,7332,1726,9067,1191,4933,55443,8822,6659,3999,299,0,0,0,10,120,4,12915,2601,253701,5491,6933,960343,EUW1_7275124164
0,178,66,0,0,82,126,0,0,0,0,1657,1698,20,0,12,0,41,375,0,0,962,1536,28,0,991,51974,7332,1726,9980,1191,5090,66092,8822,6816,4137,299,0,0,0,11,133,4,13522,3958,292904,5966,7656,1020368,EUW1_7275124164
0,179,69,0,0,82,126,0,0,0,0,1209,1698,20,0,12,0,43,375,0,0,428,1536,28,0,1676,61726,7798,1726,10369,1230,5661,76416,9388,7388,4319,360,0,0,0,11,144,4,7882,7232,322812,6651,8210,1080393,EUW1_7275124164
0,182,75,0,0,86,129,0,0,0,0,1199,1814,21,0,12,0,44,375,0,0,353,1561,29,0,2190,66372,8086,1726,10545,1230,5912,81328,9707,7639,4410,391,0,0,0,12,150,4,11209,1405,341516,7165,8756,1140412,EUW1_7275124164
0,190,75,0,0,86,129,0,0,0,0,1167,1814,21,0,12,0,44,590,0,0,1092,1561,29,0,2652,72487,8828,2820,10864,1283,5932,92052,10568,8808,8700,456,55,0,0,12,159,4,394,461,356947,7627,9675,1200431,EUW1_7275124164
0,277,67,0,0,86,129,0,0,0,0,1165,1814,21,0,12,0,36,375,0,0,787,1561,29,0,529,75193,10561,3520,11319,1283,5932,95318,12405,9509,8805,560,55,0,0,12,159,4,4522,11561,367311,8204,9861,1260434,EUW1_7275124164
0,304,82,0,0,90,132,0,0,0,0,0,1934,23,0,14,13,46,375,0,0,366,1587,31,0,20,79672,13475,4912,11479,1395,5932,100068,15544,10959,8917,673,114,0,0,13,160,4,3538,12138,377926,8795,11426,1320446,EUW1_7275124164
0,305,89,0,0,93,136,0,0,0,0,2056,2056,24,0,14,13,48,375,0,0,1250,1614,33,0,142,82609,16412,4912,11479,1395,5932,103046,18521,10959,8957,713,114,0,0,14,160,4,10226,5607,384107,8917,11451,1380447,EUW1_7275124164
0,285,89,0,0,93,136,0,0,0,0,0,2056,24,0,14,13,48,375,0,0,909,1614,33,0,384,91328,17398,6676,11588,1504,6379,111948,19690,13276,9031,787,220,0,0,14,167,4,7514,7124,396269,9158,11853,1440449,EUW1_7275124164
0,285,89,0,0,93,136,0,0,7,0,2055,2056,24,0,14,13,48,375,0,0,1480,1614,33,0,576,95331,17398,6676,11966,1504,6392,116328,19690,13288,9031,787,220,0,0,14,171,4,3857,13224,406022,9351,12253,1500453,EUW1_7275124164
0,285,89,0,0,93,136,0,0,7,0,2056,2056,24,0,14,13,48,375,0,0,955,1614,33,0,977,107776,18982,6676,12257,1504,6392,129106,21314,13288,9071,827,220,0,0,14,184,4,5157,13550,432756,9752,12902,1560474,EUW1_7275124164
0,297,95,0,0,97,139,0,0,7,0,409,2183,25,0,14,13,50,375,0,0,93,1641,35,0,1536,117287,20462,8458,13092,1559,6462,139628,22974,15208,9248,951,287,0,0,15,190,4,6400,13268,457887,10311,13973,1620482,EUW1_7275124164
0,324,95,0,0,97,139,0,0,7,0,2093,2093,25,0,18,19,50,246,0,0,1498,1641,35,0,400,121649,20462,8458,13280,1559,6490,144186,22974,15237,9256,951,287,0,0,15,197,4,7057,7909,466479,10614,14255,1680488,EUW1_7275124164
0,324,95,0,0,97,139,0,0,7,0,2093,2093,25,0,18,19,50,380,0,0,1641,1641,249,0,1004,125618,21329,8458,13755,1559,6490,148652,23841,15237,9278,951,287,0,0,15,200,4,7590,11447,474936,11218,14668,1740500,EUW1_7275124164
0,337,95,0,0,97,139,0,0,15,0,0,2093,25,0,18,44,50,380,0,0,1525,1641,35,0,76,125618,21329,9302,13755,1559,7811,148652,23841,17472,9278,951,358,0,0,15,200,4,8885,9318,477659,11341,14668,1800517,EUW1_7275124164
0,337,95,0,0,97,139,0,0,15,0,1841,2093,25,0,18,44,50,380,0,0,922,1641,35,0,199,130080,22069,9513,13756,1559,7866,153158,24623,17822,9321,994,442,0,0,15,200,4,7632,2609,489268,11463,14668,1860518,EUW1_7275124164
0,337,102,0,0,101,143,0,0,15,0,1473,2223,26,0,18,44,51,380,0,0,1158,1670,37,0,290,136627,25185,10230,14495,1605,7962,160488,27830,18634,9366,1039,442,0,1,16,206,4,4871,5256,511102,11709,15169,1920521,EUW1_7275124164
0,353,102,0,0,101,143,0,0,15,0,906,2223,26,0,18,44,51,380,0,0,500,1670,37,0,701,145229,27376,10311,15084,1687,8608,169825,30189,19362,9512,1125,442,0,1,16,211,4,9811,9888,523394,12120,16263,1980528,EUW1_7275124164
0,341,109,0,0,105,147,0,0,15,0,0,2356,28,0,18,44,53,380,0,0,484,1699,39,0,973,145871,27759,10926,15084,1687,8857,170569,30613,20304,9613,1166,520,0,1,17,211,4,10725,10259,524427,12393,16545,2040529,EUW1_7275124164
0,357,109,0,0,105,147,0,0,15,0,1954,2356,28,0,18,44,53,380,0,0,966,1699,39,0,1389,148884,30771,11370,15371,1905,8857,174121,34095,20748,9865,1419,520,0,1,17,211,4,8787,6781,537109,12808,17145,2100553,EUW1_7275124164
0,357,109,0,0,105,147,0,0,22,0,1978,2356,28,0,18,44,53,380,0,0,774,1699,39,0,1407,149917,30771,11370,15583,1905,8857,175366,34095,20748,9865,1419,520,0,1,17,211,4,8308,7765,538244,12826,17285,2109423,EUW1_7275124164
0,0,25,0,0,25,100,0,0,0,0,595,595,0,0,0,0,31,330,0,0,400,400,0,0,500,0,0,0,0,0,0,0,0,0,0,0,0,0,0,1,0,5,335,269,0,500,0,0,EUW1_7275124164
0,9,25,0,0,58,100,0,0,0,0,690,690,7,0,0,0,31,330,0,0,400,400,25,0,0,0,0,0,0,0,0,0,0,0,0,0,0,30,0,1,0,5,6565,4615,0,500,0,60017,EUW1_7275124164
0,9,25,0,0,58,100,0,0,0,0,585,702,7,0,0,0,31,330,0,0,363,400,25,0,67,65,65,6,311,137,112,377,203,118,0,0,0,30,0,1,0,5,12366,1250,1937,567,160,120032,EUW1_7275124164
0,29,28,0,0,59,101,0,0,0,0,0,797,8,0,0,0,32,330,0,0,357,420,26,0,23,484,484,188,538,188,956,1124,774,1234,102,102,90,30,0,2,0,5,10374,1395,5690,1073,500,180044,EUW1_7275124164
0,29,31,0,0,61,103,0,0,0,0,771,872,9,0,0,0,33,231,0,0,413,442,27,0,193,484,484,249,660,188,997,1539,774,1337,395,102,90,30,0,3,2,5,10348,3029,5690,1243,763,240066,EUW1_7275124164
0,29,31,0,0,61,103,0,0,0,0,896,896,9,0,0,0,33,355,0,0,407,442,27,0,109,769,769,587,814,280,1525,2269,1166,2203,685,116,90,30,0,3,3,5,11014,1703,9400,1459,924,300144,EUW1_7275124164
0,29,35,0,0,64,104,0,0,0,0,974,974,10,0,0,0,34,420,0,0,465,465,29,0,284,1664,769,587,1254,280,1601,3831,1166,2279,912,116,90,30,0,4,5,5,1924,3448,9400,1634,1285,360148,EUW1_7275124164
0,29,35,0,0,64,104,0,0,0,0,111,1010,93,0,0,0,34,355,0,0,295,465,29,0,785,2105,1210,587,1691,461,2541,5105,1981,3219,1307,309,90,30,0,4,7,5,11025,1524,13043,2135,1623,420149,EUW1_7275124164
0,29,39,0,0,66,106,0,0,0,0,1453,1453,11,0,0,0,35,355,0,0,489,489,31,0,66,2452,1300,587,1758,461,2541,5518,2070,3219,1307,309,90,30,0,5,8,5,5831,3993,15115,2316,1804,480176,EUW1_7275124164
0,29,39,0,0,66,106,0,0,0,0,1413,1535,13,0,0,0,35,355,0,0,251,489,37,0,319,3779,1695,653,1984,553,2666,7190,2576,3410,1426,327,90,50,0,5,13,5,10974,1405,17085,2569,2125,540212,EUW1_7275124164
0,30,43,0,0,68,108,0,0,0,0,339,1645,14,0,0,0,37,355,0,0,20,514,39,0,1058,4587,2070,1583,2380,883,3180,8395,3280,5024,1426,327,260,50,0,6,13,5,8447,1071,19123,3308,2630,600236,EUW1_7275124164
0,76,43,0,0,68,108,0,0,0,0,1644,1657,14,0,0,0,37,355,0,0,372,514,39,0,415,5026,2159,1583,2380,883,3241,8901,3437,5085,1494,395,260,50,0,6,13,5,4892,9063,26004,3515,2656,660248,EUW1_7275124164
0,78,43,0,0,68,108,0,0,0,0,1651,1681,14,0,0,0,37,355,0,0,289,514,39,0,736,5712,2535,1649,2761,1144,3512,10076,4184,5422,1603,504,260,50,0,6,16,5,11935,4365,29044,3851,3033,720272,EUW1_7275124164
0,78,43,0,0,68,108,0,0,0,0,1731,1731,14,0,0,0,37,355,0,0,507,514,39,0,393,5712,2535,1649,2767,1144,3512,10082,4184,5422,1603,504,260,50,0,6,17,5,9184,3874,29044,4038,3033,780298,EUW1_7275124164
0,78,47,0,0,71,110,0,0,0,0,0,1919,18,0,0,0,38,355,0,0,279,540,48,0,687,6162,2791,2128,2811,1188,5256,10617,4525,7709,1643,544,324,50,0,7,17,5,13365,3269,40105,4332,3305,840313,EUW1_7275124164
0,81,47,0,0,71,110,0,0,0,0,1919,1919,18,0,12,0,38,375,0,0,540,540,48,0,124,6162,2791,2128,2815,1188,5256,10621,4525,7709,1643,544,324,50,0,7,18,5,9355,5398,40105,4514,3380,900321,EUW1_7275124164
0,107,47,0,0,71,110,0,0,0,0,1943,1943,18,0,12,0,38,375,0,0,540,540,48,0,177,6492,3121,3076,2815,1188,6362,11141,5045,9886,1833,735,447,50,0,7,18,5,2107,4282,55043,4967,3820,960343,EUW1_7275124164
0,109,47,0,0,71,110,0,0,0,0,1400,1967,18,0,12,0,38,375,0,0,475,540,48,0,404,7519,3708,3649,2911,1278,6362,12500,5957,10511,2068,969,498,50,0,7,19,5,12360,5660,72111,5199,4045,1020368,EUW1_7275124164
0,110,54,0,0,73,112,0,0,0,0,1616,2083,20,0,12,0,41,375,0,0,432,567,51,0,606,8065,4037,3649,2911,1278,6561,13045,6286,10709,2068,969,498,50,0,8,19,5,7357,6100,80595,5401,4213,1080393,EUW1_7275124164
0,113,54,0,0,73,112,0,0,0,0,1986,2095,20,0,12,0,41,375,0,0,561,567,51,0,859,8283,4255,3649,2912,1278,6561,13292,6528,10709,2096,994,498,50,0,8,20,5,9485,1650,83844,5659,4647,1140412,EUW1_7275124164
0,117,59,0,0,76,114,0,0,0,0,2215,2215,22,0,12,0,43,590,0,0,595,595,53,0,1321,11550,5328,4006,3079,1369,6790,16798,7765,11296,2169,1067,498,50,0,9,23,5,394,461,137282,6121,5711,1200431,EUW1_7275124164
0,147,59,0,0,76,114,0,0,0,0,0,2451,22,0,12,0,43,375,0,0,378,595,53,0,291,13135,6699,5511,3215,1462,7941,18651,9361,14194,2301,1199,741,50,0,9,23,5,3635,11282,156119,6391,6018,1260434,EUW1_7275124164
0,157,65,0,0,78,116,0,0,0,0,2550,2550,24,0,14,0,45,375,0,0,624,624,56,0,499,13135,6699,5511,3215,1462,7941,18653,9361,14194,2303,1199,741,50,0,10,23,5,10484,5409,156119,6599,6878,1320446,EUW1_7275124164
0,158,65,0,0,78,116,0,0,0,0,0,2586,24,0,14,0,45,375,0,0,265,624,56,0,756,14122,7686,7720,3259,1504,8668,19714,10420,17193,2332,1228,805,50,0,10,25,5,13254,5811,173915,6866,7292,1380447,EUW1_7275124164
0,168,70,0,0,81,118,0,0,0,0,2700,2700,25,0,14,0,47,375,0,0,476,654,59,0,408,15863,7822,7720,3422,1504,8668,21647,10585,17193,2361,1257,805,50,0,11,25,5,8389,8072,184580,7018,7480,1440449,EUW1_7275124164
0,168,70,0,0,81,118,0,0,7,0,2700,2700,25,0,14,0,47,375,0,0,654,654,59,0,586,15863,7822,7720,3423,1504,8668,21648,10585,17193,2361,1257,805,50,0,11,26,5,2767,11477,184580,7201,7643,1500453,EUW1_7275124164
0,168,70,0,0,81,118,0,0,7,0,2712,2712,25,0,14,0,47,375,0,0,654,654,59,0,738,16113,8072,7720,3425,1504,8668,21931,10866,17193,2392,1288,805,50,0,11,26,5,6226,10722,187090,7353,7643,1560474,EUW1_7275124164
0,178,70,0,0,81,118,0,0,7,0,0,2848,25,0,14,0,47,375,0,0,223,654,59,0,329,18502,9309,8754,3468,1547,11057,24458,12242,20617,2488,1384,805,50,0,11,29,5,6117,13763,196625,7744,8418,1620482,EUW1_7275124164
0,178,70,0,0,81,118,0,0,7,0,2848,2848,25,0,14,0,47,375,0,0,654,654,59,0,481,18502,9309,8754,3468,1547,11057,24458,12242,20617,2488,1384,805,50,0,11,29,5,6492,8422,196625,7896,8467,1680488,EUW1_7275124164
0,178,75,0,0,84,120,0,0,7,0,2966,2966,27,0,14,0,49,375,0,0,685,685,181,0,670,19248,9649,8754,3474,1547,11057,25242,12613,20617,2519,1415,805,50,0,12,30,5,8842,9843,203170,8085,8617,1740500,EUW1_7275124164
0,198,75,0,0,84,120,0,0,15,0,0,3014,27,0,14,0,49,375,0,0,509,685,62,0,518,22736,12295,10626,3477,1547,13241,28951,15476,24673,2737,1633,805,50,0,12,31,5,4286,9990,228905,8338,9013,1800517,EUW1_7275124164
0,198,75,0,0,84,120,0,0,15,0,3026,3026,27,0,14,0,49,375,0,0,685,685,62,0,700,22783,12342,10626,3479,1547,13241,29000,15523,24673,2737,1633,805,50,0,12,32,5,7666,4019,232579,8525,9013,1860518,EUW1_7275124164
0,198,75,0,0,84,120,0,0,15,0,3050,3050,27,0,14,0,49,375,0,0,546,685,62,0,878,24296,13751,10626,3480,1547,13241,30514,16932,24673,2737,1633,805,50,0,12,33,5,5464,5063,246684,8708,9334,1920521,EUW1_7275124164
0,198,81,0,0,87,123,0,0,15,0,1267,3232,29,0,14,0,50,375,0,0,423,717,65,0,1453,26249,15379,11224,3595,1656,15534,33001,19017,27565,3156,1981,805,50,0,13,35,5,10052,9844,258971,9293,10694,1980528,EUW1_7275124164
0,218,107,0,0,87,123,0,0,15,0,3232,3232,29,0,14,0,50,666,0,0,717,717,65,0,330,26249,15379,11836,3595,1656,16187,33001,19017,28862,3156,1981,838,50,0,13,35,5,994,730,258971,9445,11147,2040529,EUW1_7275124164
0,218,113,0,0,90,125,0,0,15,0,1919,3416,31,0,14,0,52,375,0,0,451,750,68,0,1404,27756,16886,13652,3731,1789,17749,35304,21317,32609,3816,2641,1207,50,0,14,35,5,11672,4342,283165,10519,12083,2100553,EUW1_7275124164
0,218,113,0,0,90,125,0,0,22,0,1946,3416,31,0,14,0,52,375,0,0,509,750,68,0,1451,27756,16886,13652,3735,1789,17749,35308,21317,32609,3816,2641,1207,50,0,14,36,5,11081,4767,283165,10571,12193,2109423,EUW1_7275124164
0,0,35,0,0,25,100,0,0,0,0,660,660,0,0,0,0,28,345,0,0,0,100,0,0,500,0,0,0,0,0,0,0,0,0,0,0,0,0,0,1,0,6,14500,14511,0,500,0,0,EUW1_7275124164
0,0,35,0,0,89,103,0,0,0,0,746,750,16,3,0,0,28,531,0,0,0,100,0,0,5,0,0,43,1,0,0,1,0,53,0,0,10,0,0,1,0,6,14340,14391,0,505,0,60017,EUW1_7275124164
0,0,35,0,0,94,103,0,0,0,0,667,750,16,3,0,0,28,345,0,0,45,100,0,0,109,0,0,43,819,129,118,819,129,171,0,0,10,0,0,1,3,6,2599,12774,0,609,215,120032,EUW1_7275124164
0,0,42,0,0,95,107,0,0,0,0,219,933,18,3,0,0,31,345,0,0,51,100,0,0,407,0,0,43,2889,677,1096,2889,677,1150,0,0,10,0,0,3,13,6,3904,13679,1503,907,768,180044,EUW1_7275124164
0,0,46,0,0,124,112,0,0,0,0,1031,1031,19,3,0,0,32,345,0,0,0,100,0,0,62,0,0,43,6986,1157,1468,6986,1157,1631,0,0,120,0,0,4,25,6,13427,14306,2872,1587,1621,240066,EUW1_7275124164
0,0,51,0,0,127,114,0,0,0,0,1118,1132,20,3,0,0,34,345,0,0,66,100,0,0,466,0,0,43,11394,1376,1753,11394,1376,1917,0,0,120,0,0,5,38,6,3269,10394,11034,1991,2269,300144,EUW1_7275124164
0,0,55,0,0,131,116,0,0,0,0,1372,1388,21,3,0,0,36,345,0,0,92,100,0,0,29,551,99,43,14735,2339,3525,15287,2438,3688,0,0,120,0,0,6,43,6,10841,13859,12838,2204,2669,360148,EUW1_7275124164
0,0,55,0,0,131,119,0,0,0,0,1388,1388,21,3,0,0,36,459,0,0,0,100,0,0,193,551,99,489,16533,3026,4684,17085,3126,5388,0,0,215,0,2,6,43,6,8574,13982,12838,2368,2747,420149,EUW1_7275124164
0,0,60,0,0,134,123,0,0,0,0,1179,1497,23,3,0,0,37,345,0,0,38,100,0,0,535,551,99,489,20289,3026,5095,20840,3126,5799,0,0,215,0,2,7,53,6,1197,10530,12838,2710,3455,480176,EUW1_7275124164
0,0,65,0,0,155,127,0,0,0,0,1756,1861,24,3,0,0,39,345,0,0,0,100,0,0,22,1679,377,489,27695,4088,6888,29567,4466,7592,192,0,215,0,2,8,65,6,9482,13950,14407,3612,4396,540212,EUW1_7275124164
0,0,70,0,0,159,132,0,0,0,0,1242,1978,26,3,0,0,41,345,0,0,9,100,0,0,430,1679,377,489,35048,4431,8103,36920,4809,8807,192,0,215,0,2,9,78,6,3772,10303,14407,4020,5044,600236,EUW1_7275124164
0,0,70,0,0,179,171,0,0,0,0,1978,1978,15,3,0,0,41,451,0,0,39,100,0,0,1297,2443,609,775,45274,6071,10149,48006,6680,11449,288,0,524,0,2,9,91,6,4779,9717,18685,4887,6111,660248,EUW1_7275124164
0,0,75,0,0,163,139,0,0,29,0,2089,2099,27,3,0,0,63,390,0,0,0,100,0,0,139,2443,609,1090,45536,6334,10706,49653,8328,13774,1672,1384,1977,0,2,10,91,6,3576,13298,18685,5104,6214,720272,EUW1_7275124164
0,0,75,0,0,165,139,0,0,29,0,2016,2099,27,3,0,0,63,390,0,0,41,100,0,0,776,2443,609,1090,55651,6334,11559,59864,8328,14626,1768,1384,1977,0,2,10,110,6,1908,11671,18685,5741,7212,780298,EUW1_7275124164
0,0,80,0,0,170,142,0,0,29,0,0,2224,29,3,0,0,65,390,0,0,100,100,0,0,1192,2588,753,1090,64534,6815,14842,69035,8953,18093,1912,1384,2161,0,2,11,123,6,1080,10278,19570,6157,7885,840313,EUW1_7275124164
0,0,80,0,0,200,142,0,0,29,0,1463,2474,29,3,0,0,65,410,0,0,46,100,0,0,233,2588,753,1090,65945,6917,15897,70446,9055,19149,1912,1384,2161,0,2,11,127,6,1611,12378,19570,6348,8038,900321,EUW1_7275124164
0,0,86,0,0,212,145,0,0,29,0,0,2602,30,3,0,0,68,390,0,0,35,100,0,0,631,3787,990,1296,72367,8511,19115,78067,10887,22600,1912,1384,2188,0,2,12,139,6,2072,12374,22810,6746,8686,960343,EUW1_7275124164
0,0,86,0,0,190,145,0,0,29,0,2752,2752,30,3,0,0,68,410,0,0,3,100,0,0,786,3787,990,1296,76820,8511,19235,82521,10887,22720,1912,1384,2188,0,2,12,147,6,1134,10678,28807,7301,9048,1020368,EUW1_7275124164
0,0,91,0,0,194,148,0,0,29,0,1795,2885,32,3,0,0,70,410,0,0,27,100,0,0,2228,5743,1601,1296,90178,9773,21448,98254,12760,25223,2332,1384,2478,0,2,13,162,6,1322,6645,32181,8744,10160,1080393,EUW1_7275124164
0,0,91,0,0,224,148,0,0,29,0,2351,3085,32,3,0,0,70,390,0,0,0,100,0,0,1272,5743,1601,2518,96208,11411,21729,104284,14398,26726,2332,1384,2478,0,2,13,168,6,4865,11567,34628,9737,10768,1140412,EUW1_7275124164
0,0,91,0,0,249,148,0,0,29,0,3085,3085,32,3,0,0,70,390,0,0,3,100,0,0,694,5743,1601,2518,99052,11411,21729,107128,14398,26726,2332,1384,2478,0,2,13,174,6,2802,11580,34628,10034,11140,1200431,EUW1_7275124164
0,0,91,0,0,249,148,0,0,29,0,215,3085,32,3,0,0,70,390,0,0,100,100,0,0,1183,5977,1752,4953,104564,12005,23362,112874,15142,31005,2332,1384,2689,0,2,13,177,6,3801,11419,34628,10523,11309,1260434,EUW1_7275124164
0,0,97,0,0,269,151,0,0,29,0,3321,3321,34,3,0,0,72,410,0,0,40,100,0,0,660,5977,1752,4953,108085,12005,23362,116394,15142,31005,2332,1384,2689,0,2,14,183,6,5031,13048,34628,10750,11586,1320446,EUW1_7275124164
0,0,97,0,0,270,151,0,0,29,0,99,3321,34,3,0,0,72,390,0,0,94,100,0,0,1100,7434,2453,7510,117737,13540,25509,127504,17377,36173,2332,1384,3153,0,2,14,192,6,13898,4978,42311,11190,12399,1380447,EUW1_7275124164
0,0,97,0,0,284,151,0,0,44,0,3471,3471,34,3,0,0,72,390,0,0,29,100,0,0,136,7434,2453,7510,120074,13540,25509,129845,17377,36173,2335,1384,3153,0,2,14,197,6,12658,5648,42311,11401,12638,1440449,EUW1_7275124164
0,0,103,0,0,291,154,0,0,44,0,1544,3612,35,3,0,0,75,410,0,0,55,100,0,0,927,10292,3260,7510,134412,15856,29794,147040,20501,40459,2335,1384,3153,0,2,15,215,6,9093,1365,45115,12197,14374,1500453,EUW1_7275124164
0,0,133,0,0,296,154,0,0,44,0,3532,3532,35,0,0,0,75,575,0,0,0,100,0,0,54,10292,3260,9067,134412,15856,29904,147040,20501,42125,2335,1384,3153,0,2,15,215,6,13222,12758,45115,12319,14374,1560474,EUW1_7275124164
0,0,140,0,0,303,157,0,0,44,0,0,3676,37,0,0,0,77,390,0,0,80,100,0,0,529,11162,4028,11815,143838,17792,32268,157336,23206,47340,2335,1384,3255,0,2,16,222,6,7687,13610,49024,12794,15366,1620482,EUW1_7275124164
0,0,140,0,0,303,157,0,0,44,0,3670,3676,37,0,0,0,77,410,0,0,25,100,0,0,680,11162,4028,11815,144709,17792,32286,158207,23206,47358,2335,1384,3255,0,2,16,224,6,3548,13167,49157,12944,15553,1680488,EUW1_7275124164
0,0,140,0,0,303,157,0,0,44,0,3676,3676,37,0,0,0,77,390,0,0,0,100,0,0,998,11162,4028,13494,152232,18839,33811,165730,24253,51078,2335,1384,3773,0,2,16,231,6,10787,10860,50293,13263,15924,1740500,EUW1_7275124164
0,0,146,0,0,331,161,0,0,44,0,0,3824,39,0,0,0,80,390,0,0,83,100,0,0,637,12222,4958,18961,160199,21113,34754,178377,31076,61561,5955,5004,7845,0,2,17,234,6,4868,8784,52453,13951,17388,1800517,EUW1_7275124164
0,0,146,0,0,331,161,0,0,44,0,3811,3824,39,0,0,0,80,410,0,0,8,100,0,0,956,12222,4958,18961,169891,21113,34929,188069,31076,61736,5955,5004,7845,0,2,17,243,6,10251,1284,59602,14270,17775,1860518,EUW1_7275124164
0,0,146,0,0,331,161,0,0,44,0,2491,3824,39,0,0,0,80,410,0,0,33,100,0,0,1365,12222,4958,20393,172184,21113,34974,190434,31076,63213,6027,5004,7845,0,2,17,245,6,6326,4912,59602,14684,17856,1920521,EUW1_7275124164
0,0,166,0,0,356,161,0,0,44,0,0,3824,39,0,0,0,80,390,0,0,0,100,0,0,262,12685,5421,22353,172707,21635,36335,191420,32062,66635,6027,5004,7946,0,2,17,245,6,6351,4977,61106,14807,17951,1980528,EUW1_7275124164
0,0,173,0,0,364,164,0,0,44,0,3953,3977,41,0,0,0,82,410,0,0,51,100,0,0,658,12685,5421,22353,184593,21635,36394,203306,32062,66708,6027,5004,7960,0,2,18,257,6,10417,1593,61273,15202,18694,2040529,EUW1_7275124164
0,0,173,0,0,364,164,0,0,44,0,0,3977,41,0,0,0,82,390,0,0,100,100,0,0,1128,13148,5885,25742,197230,22311,37034,216406,33201,71709,6027,5004,8932,0,2,18,269,6,11084,4766,63517,15672,19375,2100553,EUW1_7275124164
0,0,173,0,0,364,164,0,0,44,0,0,3977,41,0,0,0,82,390,0,0,85,100,0,0,1146,13148,5885,25742,197230,22311,37034,216406,33201,71709,6027,5004,8932,0,2,18,269,6,11084,4766,63517,15690,19375,2109423,EUW1_7275124164
0,0,29,0,0,25,100,0,0,0,0,610,610,0,0,0,0,32,345,0,0,280,280,0,0,500,0,0,0,0,0,0,0,0,0,0,0,0,0,0,1,0,7,14539,14394,0,500,0,0,EUW1_7275124164
0,9,29,0,0,61,100,0,0,0,0,620,620,10,0,0,0,32,348,0,0,280,280,14,0,0,0,0,0,0,0,0,0,0,0,0,0,0,0,0,1,0,7,11810,7321,0,500,0,60017,EUW1_7275124164
0,9,29,0,0,61,100,0,0,0,0,437,620,10,0,0,0,32,348,0,0,251,280,14,0,41,0,0,0,536,0,495,2257,0,495,1720,0,0,0,0,1,0,7,9584,9100,0,541,0,120032,EUW1_7275124164
0,9,32,0,0,63,101,0,0,0,0,694,694,11,0,0,0,33,537,0,0,310,310,14,0,179,0,0,305,1288,0,1382,4658,0,1789,3369,0,102,0,4,2,0,7,13810,13330,835,754,350,180044,EUW1_7275124164
0,24,35,0,0,65,103,0,0,0,0,737,772,12,0,0,0,35,359,0,0,251,341,48,0,511,718,0,836,2480,0,1745,9664,0,2684,6466,0,102,0,12,3,0,7,11543,4199,10187,1086,838,240066,EUW1_7275124164
0,9,35,0,0,65,103,0,0,0,0,772,772,12,0,0,0,35,567,0,0,341,341,15,0,490,1264,220,1274,2932,13,2077,12686,233,3481,8489,0,130,0,15,3,0,7,14340,14391,18939,1365,1035,300144,EUW1_7275124164
0,24,35,0,0,65,123,0,0,0,0,711,922,12,0,0,0,35,299,0,0,187,341,72,0,137,1463,220,1274,3256,13,2605,14871,233,4009,10150,0,130,0,15,3,0,7,9918,4601,19039,1487,1035,360148,EUW1_7275124164
0,25,38,0,0,67,125,0,0,0,0,963,1003,13,0,0,0,36,424,0,0,211,375,53,0,405,2506,220,1355,4349,13,3562,20524,233,5064,13668,0,146,0,19,4,0,7,10293,5412,28759,1755,1547,420149,EUW1_7275124164
0,9,41,0,0,70,106,0,0,0,0,625,1088,14,0,0,0,38,381,0,0,409,409,17,0,643,2628,220,1355,4770,13,4076,22078,233,5578,14679,0,146,0,23,5,1,7,6969,7803,32384,1998,1983,480176,EUW1_7275124164
0,29,45,0,0,72,108,0,0,0,0,1042,1175,16,0,0,0,40,386,0,0,414,445,125,0,918,2986,220,1456,5538,13,4617,26775,233,6221,18250,0,146,0,27,6,3,7,11320,3662,35826,2273,2469,540212,EUW1_7275124164
0,11,45,0,0,72,108,0,0,0,0,990,1175,16,0,0,0,40,557,0,0,445,445,112,0,1252,6362,1099,1576,5638,113,4888,30251,1213,6611,18250,0,146,0,27,6,7,7,14340,14391,61946,2607,2770,600236,EUW1_7275124164
0,29,60,0,0,72,128,0,0,0,0,692,1175,16,0,0,0,40,509,0,0,310,445,63,0,552,7083,1228,2078,5953,144,5153,34369,1373,7378,21331,0,146,0,29,6,7,7,4455,9608,63448,2782,2960,660248,EUW1_7275124164
0,11,74,0,0,75,110,0,0,0,0,1233,1266,17,0,0,0,41,397,0,0,384,483,51,0,224,8568,1228,2118,6848,144,5466,41054,1373,7731,25636,0,146,0,33,7,7,7,11208,8527,72588,3129,3435,720272,EUW1_7275124164
0,14,78,0,0,78,112,0,0,0,0,1359,1359,19,0,0,0,43,209,0,0,434,522,19,0,571,9078,1228,2487,7405,144,5501,45813,1373,8135,29329,0,146,0,41,8,7,7,9859,8882,74826,3476,4104,780298,EUW1_7275124164
0,15,78,0,0,78,112,0,0,0,0,1359,1359,100,0,0,0,88,569,0,0,522,522,19,0,138,13420,1228,2487,9431,144,6577,62463,1373,9211,39611,0,146,0,53,8,7,7,13862,13399,108200,3893,4920,840313,EUW1_7275124164
0,15,82,0,0,81,115,0,0,0,0,1248,1456,20,0,0,0,90,139,0,0,514,563,20,0,370,15509,1228,2819,9932,144,6714,68520,1373,9680,43079,0,146,0,57,9,8,7,8108,7894,125912,4130,5203,900321,EUW1_7275124164
0,15,82,0,0,81,115,0,0,0,0,1456,1456,20,0,0,0,110,397,0,0,563,563,20,0,278,16681,1277,4522,9932,144,6887,73548,2878,13181,46935,1456,1771,0,57,9,12,7,12158,9079,136249,4439,5424,960343,EUW1_7275124164
0,16,86,0,0,84,117,0,0,0,0,1556,1556,22,0,0,0,112,397,0,0,601,605,133,0,832,18880,1277,4758,11042,144,7322,85121,2878,13852,55197,1456,1771,0,65,10,18,7,11403,6740,148525,4992,6374,1020368,EUW1_7275124164
0,16,86,0,0,84,117,0,0,0,0,1004,1556,22,0,0,0,112,397,0,0,563,605,146,0,1029,19747,1493,5356,11508,144,8022,90808,3135,15534,59551,1496,2155,0,65,10,19,7,11908,4784,163121,5189,6374,1080393,EUW1_7275124164
0,16,86,0,0,84,117,0,0,0,0,1486,1756,44,0,0,0,127,397,0,0,482,605,57,0,662,22391,1986,6498,12647,196,9153,100792,3719,17837,65753,1536,2185,0,69,10,22,7,7932,10656,180507,5672,7200,1140412,EUW1_7275124164
0,16,90,0,0,87,119,0,0,0,0,2059,2059,171,0,0,0,129,397,0,0,648,648,22,0,114,24491,1986,6849,13685,196,9422,110885,3719,18457,72708,1536,2185,0,77,11,22,7,7399,11650,206842,5999,7810,1200431,EUW1_7275124164
0,16,90,0,0,87,119,0,0,0,0,1653,2059,48,0,0,0,129,397,0,0,360,648,22,0,378,25577,2574,7549,14079,269,10154,115723,4492,19890,76066,1648,2185,0,77,11,23,7,5615,13284,213769,6263,8198,1260434,EUW1_7275124164
0,16,65,0,0,87,119,0,0,29,0,2059,2059,48,0,0,0,149,681,0,0,607,648,22,0,40,25912,2909,8376,14079,269,11150,116059,4827,21960,76066,1648,2434,0,77,11,23,7,12224,10150,215005,6385,8198,1320446,EUW1_7275124164
0,18,70,0,0,90,122,0,0,29,0,1206,2166,51,0,0,0,152,491,0,0,693,693,143,0,502,27887,3154,9878,14772,269,11804,124875,5072,24119,82215,1648,2435,0,81,12,24,7,11833,5928,227748,6847,9154,1380447,EUW1_7275124164
0,19,70,0,0,90,122,0,0,29,0,1454,2166,51,0,0,0,152,401,0,0,666,693,150,0,749,28976,3950,10239,15017,460,12147,126249,6099,24888,82255,1688,2501,0,81,12,24,7,7716,10927,233051,7094,9639,1440449,EUW1_7275124164
0,19,74,0,0,93,124,0,0,29,0,2275,2275,191,0,0,0,154,461,0,0,686,739,39,0,1156,30902,3950,10239,16093,460,13192,138603,6099,25932,91607,1688,2501,0,89,13,25,7,5871,12597,241482,7506,10301,1500453,EUW1_7275124164
0,19,75,0,0,93,144,0,0,29,0,2275,2275,191,0,0,0,154,434,0,0,626,739,56,0,1445,34222,3950,10239,16997,460,13578,149483,6099,26318,98264,1688,2501,0,93,13,30,7,12352,6505,265167,7800,10777,1560474,EUW1_7275124164
0,19,119,0,0,97,127,0,0,29,0,0,2388,58,0,0,0,156,397,0,0,548,787,26,0,966,34939,4353,11579,17327,460,14964,152290,6502,29183,100024,1688,2639,0,97,14,30,7,7944,14031,279194,8196,11953,1620482,EUW1_7275124164
0,19,129,0,0,97,147,0,0,29,0,2573,2588,58,0,0,0,156,434,0,0,721,787,43,0,233,37638,4353,11579,18303,460,15370,159703,6502,29589,103761,1688,2639,0,101,14,31,7,7944,10011,285974,8463,12245,1680488,EUW1_7275124164
0,19,129,0,0,97,127,0,0,29,0,2588,2588,58,0,0,0,156,397,0,0,742,787,26,0,521,40693,4431,11579,19102,460,15745,173667,6581,29964,113872,1688,2639,0,109,14,31,7,10380,12105,299557,8751,12811,1740500,EUW1_7275124164
0,61,134,0,0,126,129,0,0,29,0,1347,2703,62,0,0,0,159,397,0,0,679,837,27,0,1137,41996,4854,12867,19445,460,18068,181338,7003,33792,119896,1688,2857,0,113,15,31,7,6966,7406,304218,9367,14669,1800517,EUW1_7275124164
0,89,139,0,0,129,132,0,0,29,0,2822,2822,235,0,0,0,161,407,0,0,864,887,34,0,1609,46923,4854,12952,21229,460,18745,199070,7003,34597,130918,1688,2899,0,125,16,31,7,10905,4830,328103,9839,15338,1860518,EUW1_7275124164
0,61,179,0,0,129,132,0,0,29,0,3022,3022,247,0,0,0,161,397,0,0,887,887,28,0,378,47996,4854,12952,21686,460,18745,204182,7003,34597,134499,1688,2899,0,129,16,31,7,6992,6489,339074,10208,15598,1920521,EUW1_7275124164
0,19,179,0,0,104,132,0,0,29,0,0,3022,66,0,0,0,161,397,0,0,629,887,28,0,606,50894,5557,15616,22618,497,19776,213393,7783,38800,139880,1728,3406,0,133,16,31,7,10622,10403,358515,10436,16166,1980528,EUW1_7275124164
0,19,179,0,0,104,132,0,0,29,0,3022,3022,99,0,0,0,161,487,0,0,864,887,34,0,28,50894,5557,15616,22618,497,19776,213393,7783,38800,139880,1728,3406,0,133,16,31,7,10363,6158,358782,10633,16397,2040529,EUW1_7275124164
0,47,179,0,0,104,132,0,0,29,0,0,3022,99,0,0,0,161,407,0,0,655,887,86,0,151,52740,6935,18077,22618,497,20702,215423,9161,42308,140065,1728,3529,0,133,16,31,7,11089,4867,371753,10755,16397,2100553,EUW1_7275124164
0,47,179,0,0,104,132,0,0,29,0,0,3022,99,0,0,0,161,407,0,0,655,887,86,0,168,52740,6935,18077,22618,497,20702,215423,9161,42308,140065,1728,3529,0,133,16,31,7,11089,4867,371753,10773,16397,2109423,EUW1_7275124164
0,0,23,0,0,25,100,0,0,0,0,607,607,0,0,0,0,30,335,0,0,475,475,0,0,500,0,0,0,0,0,0,0,0,0,0,0,0,0,0,1,0,8,14503,14275,0,500,0,0,EUW1_7275124164
0,36,23,0,0,53,100,0,0,0,0,707,707,12,0,0,0,30,335,0,0,475,475,16,0,0,0,0,0,0,0,0,0,0,0,0,0,0,0,0,1,0,8,9957,7121,0,500,0,60017,EUW1_7275124164
0,36,23,0,0,53,100,0,0,0,0,627,707,12,0,0,0,30,335,0,0,353,525,16,0,97,627,217,0,537,131,102,1205,389,102,40,40,0,0,0,1,3,8,8391,7611,6450,597,246,120032,EUW1_7275124164
0,36,29,0,0,57,102,0,0,0,0,587,889,93,0,0,0,31,335,0,0,155,594,18,0,430,1632,441,263,1747,131,313,3443,636,577,63,63,0,0,0,3,15,8,8256,7982,11060,930,829,180044,EUW1_7275124164
0,36,33,0,0,59,104,0,0,0,0,292,986,14,0,0,0,32,335,0,0,91,692,19,0,776,2959,834,434,2793,215,730,5874,1170,1165,121,121,0,0,0,4,25,8,9340,9116,16204,1276,1446,240066,EUW1_7275124164
0,81,36,0,0,62,106,0,0,0,0,792,1086,15,0,0,0,34,335,0,0,509,742,20,0,133,4100,1173,710,3682,303,1127,7934,1629,1837,151,151,0,0,0,5,30,8,7147,6986,25699,1483,2003,300144,EUW1_7275124164
0,81,40,0,0,64,107,0,0,0,0,534,1191,16,0,0,0,35,335,0,0,300,793,22,0,416,7374,1536,1130,4222,303,1164,11783,2025,2295,185,185,0,0,0,6,39,8,9118,6203,35352,1766,2556,360148,EUW1_7275124164
0,101,40,0,0,64,107,0,0,0,0,797,1191,16,0,0,0,35,335,0,0,465,818,22,0,360,9583,1752,1444,4502,303,1198,14308,2279,2642,223,223,0,0,0,6,48,8,7596,7358,41632,2110,2994,420149,EUW1_7275124164
0,101,44,0,0,67,109,0,0,0,0,196,1299,17,0,0,0,36,335,0,0,118,870,23,0,1040,13140,2456,2106,4906,350,1607,18311,3071,3714,264,264,0,0,0,7,56,8,7200,7327,55096,2790,3624,480176,EUW1_7275124164
0,123,48,0,0,70,111,0,0,0,0,1243,1412,18,0,0,0,37,360,0,0,1118,1198,25,0,209,17146,2456,2106,5274,350,1655,22685,3071,3761,264,264,0,0,0,8,65,8,7088,6848,66319,3059,4161,540212,EUW1_7275124164
0,146,48,0,0,70,111,0,0,0,0,0,1462,18,0,0,0,37,360,0,0,821,1198,25,0,70,19493,2963,2895,5472,397,2273,25275,3670,5222,309,309,52,0,0,8,67,8,7382,7263,70996,3270,4471,600236,EUW1_7275124164
0,146,48,0,0,70,111,0,0,0,0,0,1462,18,0,0,0,37,360,0,0,1045,1198,25,0,203,21828,2963,4628,5548,397,2273,27686,3670,6954,309,309,52,0,0,8,71,8,8214,8788,78053,3478,4873,660248,EUW1_7275124164
0,146,53,0,0,73,113,0,0,0,0,591,1578,19,0,0,0,38,360,0,0,1181,1227,26,0,374,22443,2963,5672,5704,397,2416,28457,3670,8162,309,309,72,0,0,9,74,8,9197,8851,85992,3649,5118,720272,EUW1_7275124164
0,149,53,0,0,73,113,0,0,0,0,1182,1578,19,0,0,0,38,545,0,0,1527,1527,26,0,117,26651,2963,6253,6172,397,2424,33133,3670,8750,309,309,72,0,0,9,86,8,14034,13866,93909,4042,5865,780298,EUW1_7275124164
0,150,57,0,0,76,115,0,0,0,0,1628,1698,20,0,0,0,40,428,0,0,1086,1557,28,0,414,31701,3687,6253,6331,397,2424,38394,4446,8750,361,361,72,0,0,10,93,8,12886,3390,104697,4339,6422,840313,EUW1_7275124164
0,150,57,0,0,76,115,0,0,0,0,1698,1698,20,0,0,0,60,480,0,0,1488,1557,28,0,136,32294,4281,8003,6476,542,2686,39132,5184,10790,361,361,99,0,0,10,93,8,12350,11822,113804,4461,6422,900321,EUW1_7275124164
0,154,57,0,0,76,115,0,0,0,0,1047,1698,20,0,0,0,60,360,0,0,1253,1557,28,0,519,39889,4921,8683,7385,645,2872,47688,5979,11677,412,412,121,0,0,10,105,8,7043,6888,128552,4844,7096,960343,EUW1_7275124164
0,155,57,0,0,76,115,0,0,29,0,1506,1698,20,0,0,0,60,380,0,0,1499,1557,28,0,103,41191,5494,9270,7467,645,2962,49219,6604,12589,560,464,356,0,0,10,106,8,10821,10468,134668,5103,7224,1020368,EUW1_7275124164
0,171,62,0,0,79,117,0,0,29,0,0,1822,21,0,0,0,61,380,0,0,1247,1588,30,0,196,45026,5726,10945,7883,645,3221,53525,6892,14522,616,520,356,0,0,11,114,8,8394,7336,143888,5596,8087,1080393,EUW1_7275124164
0,171,62,0,0,79,117,0,0,29,0,1822,1822,21,0,0,0,61,380,0,0,1460,1588,30,0,368,45709,5726,10945,8081,645,3221,54407,6892,14522,616,520,356,0,0,11,114,8,13798,4645,145057,5768,8296,1140412,EUW1_7275124164
0,187,67,0,0,82,119,0,0,29,0,2099,2099,22,0,0,0,62,595,0,0,1620,1620,31,0,285,52747,7178,12760,8081,645,3383,61500,8399,16638,671,575,494,0,0,12,121,8,14340,14391,165578,6085,8668,1200431,EUW1_7275124164
0,195,67,0,0,82,119,0,0,29,0,913,2099,22,0,0,0,62,380,0,0,1067,1620,31,0,683,58555,8353,13091,8501,714,4656,67787,9702,18243,730,634,494,0,0,12,128,8,5598,13294,177247,6483,9380,1260434,EUW1_7275124164
0,235,72,0,0,85,121,0,0,29,0,0,2281,24,0,0,0,64,380,0,0,917,1653,33,0,42,59719,9517,14002,8501,714,4883,69009,10924,19500,788,692,615,0,0,13,128,8,4545,12498,179501,7242,10120,1320446,EUW1_7275124164
0,245,72,0,0,85,121,0,0,29,0,655,2281,24,0,0,0,64,380,0,0,1643,1653,248,0,265,61572,11114,15776,8562,775,4883,70987,12646,21315,852,756,655,0,0,13,129,8,13066,5808,182822,7465,10688,1380447,EUW1_7275124164
0,254,72,0,0,85,121,0,0,29,0,241,2281,24,0,0,0,64,380,0,0,1653,1653,248,0,904,68327,11887,18185,8883,823,4993,78129,13533,23871,918,822,692,0,0,13,138,8,11015,10182,199857,8104,11263,1440449,EUW1_7275124164
0,264,77,0,0,89,124,0,0,29,0,2252,2516,25,0,0,0,65,380,0,0,1633,1687,35,0,256,72953,11887,18185,9060,823,5021,82932,13533,23899,918,822,692,0,0,14,144,8,3731,10762,206270,8331,11539,1500453,EUW1_7275124164
0,264,77,0,0,89,124,0,0,29,0,2516,2516,25,0,0,0,85,380,0,0,1582,1687,35,0,236,82173,11887,20019,9432,823,5067,92525,13533,25850,918,822,763,0,0,14,155,8,6924,13156,219664,8711,12221,1560474,EUW1_7275124164
0,250,77,0,0,89,124,0,0,29,0,0,2426,25,0,0,0,85,380,0,0,1369,1687,35,0,176,87520,14719,20985,9432,823,6731,97939,16432,28550,985,889,833,0,0,14,156,8,4185,13166,229384,8891,12353,1620482,EUW1_7275124164
0,250,77,0,0,89,124,0,0,29,0,2426,2426,25,0,0,0,85,380,0,0,1426,1687,35,0,599,92149,14719,20985,9686,823,6731,102821,16432,28550,985,889,833,0,0,14,165,8,10234,7665,232791,9319,12900,1680488,EUW1_7275124164
0,270,82,0,0,92,126,0,0,29,0,2566,2566,26,0,0,0,92,380,0,0,1602,1722,37,0,71,100113,14719,20985,10042,823,6731,111142,16432,28550,985,889,833,0,0,15,174,8,9381,13010,241925,9666,13543,1740500,EUW1_7275124164
0,364,88,0,0,121,128,0,0,29,0,861,2709,27,0,0,0,93,380,0,0,774,1759,39,0,1766,106483,19101,22242,10536,930,7657,118153,21070,30861,1133,1037,961,0,0,16,174,8,6490,7386,247045,11360,15257,1800517,EUW1_7275124164
0,429,88,0,0,121,128,0,0,29,0,2709,2709,190,0,0,0,93,380,0,0,1618,1759,39,0,982,113521,19101,22242,11023,930,7690,125916,21070,30894,1371,1037,961,0,0,16,184,8,3949,13332,259819,11777,15844,1860518,EUW1_7275124164
0,429,93,0,0,125,178,0,0,29,0,879,2856,29,0,0,0,95,151,0,0,1521,1796,41,0,1353,126070,21795,24798,11500,930,8021,141156,25840,35825,3585,3115,3005,0,0,17,192,8,6642,6214,287936,12147,16526,1920521,EUW1_7275124164
0,432,93,0,0,100,131,0,0,29,0,2856,2856,29,0,0,0,110,609,0,0,1796,1796,41,0,75,126070,21795,25493,11500,930,8021,141442,26126,36805,3870,3400,3291,0,0,17,192,8,13537,13012,287936,12269,16526,1980528,EUW1_7275124164
0,424,93,0,0,100,131,0,0,29,0,0,2856,29,0,0,0,110,380,0,0,1289,1796,41,0,658,132188,23536,28741,11603,1032,8021,147740,28048,40094,3948,3478,3332,0,0,17,196,8,9598,9682,306744,12852,17469,2040529,EUW1_7275124164
0,424,93,0,0,100,131,0,0,29,0,2856,2856,29,0,0,0,110,380,0,0,1318,1796,41,0,785,134604,25952,29155,11690,1119,8021,150753,31061,40508,4458,3988,3332,0,0,17,196,8,13104,4337,312814,12980,17469,2100553,EUW1_7275124164
0,424,93,0,0,100,131,0,0,29,0,2856,2856,29,0,0,0,110,380,0,0,1357,1796,41,0,802,134604,25952,29155,11690,1119,8021,150763,31071,40508,4468,3998,3332,0,0,17,196,8,13206,4430,312814,12997,17469,2109423,EUW1_7275124164
0,0,24,0,0,25,100,0,0,0,0,655,655,0,0,0,0,30,330,0,0,300,300,0,0,500,0,0,0,0,0,0,0,0,0,0,0,0,0,0,1,0,9,14404,14201,0,500,0,0,EUW1_7275124164
0,0,24,0,0,82,100,0,0,0,0,662,745,7,3,0,0,30,330,0,0,300,300,12,0,0,0,0,96,0,0,0,0,0,96,0,0,0,0,0,1,0,9,12292,4962,0,500,0,60017,EUW1_7275124164
0,0,24,0,0,82,100,0,0,0,0,653,745,7,3,0,0,30,330,0,0,239,300,12,0,132,0,0,96,1282,199,90,1282,199,186,0,0,0,0,0,1,5,9,12401,2085,0,632,180,120032,EUW1_7275124164
0,0,27,0,0,87,100,0,0,0,0,268,832,8,3,0,0,30,330,0,0,272,336,96,0,1108,0,0,404,4030,1423,505,4030,1423,921,0,0,12,0,0,2,12,9,12566,2190,2705,1608,564,180044,EUW1_7275124164
0,0,30,0,0,112,100,0,0,0,0,823,922,9,3,0,0,31,355,0,0,373,373,101,0,119,0,0,404,6173,1423,505,6173,1423,921,0,0,12,0,0,3,20,9,12676,2373,2705,1919,950,240066,EUW1_7275124164
0,0,34,0,0,117,100,0,0,0,0,740,1017,9,3,0,0,32,355,0,0,384,413,15,0,963,104,0,470,11771,1736,768,11876,1736,1250,0,0,12,0,0,4,36,9,12620,2231,7415,2763,1571,300144,EUW1_7275124164
0,0,38,0,0,149,100,0,0,0,0,1067,1115,10,3,0,0,34,355,0,0,371,454,16,0,331,523,0,470,15492,1736,852,16015,1736,1334,0,0,12,0,0,5,47,9,11058,4514,13995,3081,2028,360148,EUW1_7275124164
0,0,42,0,0,154,100,0,0,0,0,920,1217,11,3,0,0,35,404,0,0,144,497,18,0,680,676,0,603,23236,3376,1099,23912,3376,1715,0,0,12,0,4,6,54,9,12007,1490,13995,3430,2573,420149,EUW1_7275124164
0,0,42,0,0,154,100,0,0,0,0,1217,1217,11,3,0,0,35,390,0,0,403,497,18,0,335,1345,0,693,27131,3376,1185,28477,3376,1891,0,0,12,0,4,6,65,9,13309,3477,25802,3785,3066,480176,EUW1_7275124164
0,0,46,0,0,168,117,0,0,0,0,668,1323,12,3,0,0,36,448,0,0,249,542,19,0,678,1345,0,1706,32862,4312,1597,34913,4973,4016,705,661,712,0,4,7,77,9,11371,1055,29583,4133,3553,540212,EUW1_7275124164
0,0,46,0,0,169,100,0,0,0,0,1323,1323,12,3,0,0,36,390,0,0,461,542,19,0,606,1345,0,1706,34588,4882,1956,37060,5941,4772,1126,1058,1109,0,4,7,79,9,10926,1414,32424,4661,3757,600236,EUW1_7275124164
0,0,51,0,0,175,100,0,0,0,0,469,1432,13,3,0,0,37,390,0,0,310,588,21,0,1026,2506,0,2474,42287,5569,2383,46020,6627,6011,1226,1058,1154,0,4,8,92,9,11678,1484,45522,5081,4330,660248,EUW1_7275124164
0,0,51,0,0,215,100,0,0,0,0,1432,1432,13,3,0,0,37,544,0,0,541,588,21,0,59,2506,0,2474,48714,5569,2389,52483,6627,6017,1262,1058,1154,0,4,8,102,9,14015,13087,45522,5514,4883,720272,EUW1_7275124164
0,0,55,0,0,224,100,0,0,0,0,1546,1546,14,3,0,0,38,390,0,0,491,637,22,0,451,2506,0,2474,55093,5569,2389,58862,6627,6017,1262,1058,1154,0,4,9,114,9,12616,4222,47326,5906,5544,780298,EUW1_7275124164
0,0,55,0,0,225,100,0,0,0,0,0,1546,14,3,0,0,38,390,0,0,344,637,22,0,1151,2722,216,3514,63102,7869,3200,68169,10226,9256,2344,2141,2541,0,4,9,124,9,13745,4107,56854,6606,6075,840313,EUW1_7275124164
0,0,60,0,0,270,100,0,0,0,0,1583,1583,16,0,0,0,40,390,0,0,616,687,24,0,162,2722,216,3514,65029,7869,3200,70097,10226,9256,2344,2141,2541,0,4,10,129,9,11787,4739,58724,6812,6290,900321,EUW1_7275124164
0,0,60,0,0,270,100,0,0,0,0,301,1583,16,0,0,0,40,390,0,0,570,687,24,0,894,2722,216,4800,72415,8993,3264,77796,11422,10635,2657,2211,2570,0,4,10,141,9,13215,4173,70434,7549,6857,960343,EUW1_7275124164
0,0,60,0,0,281,100,0,0,0,0,1583,1583,111,0,0,0,40,438,0,0,561,687,24,0,560,2722,216,4800,75289,8993,3264,80758,11422,10635,2745,2211,2570,0,4,10,146,9,10457,6569,73707,7820,7159,1020368,EUW1_7275124164
0,0,65,0,0,291,100,0,0,0,0,1407,1703,17,0,0,0,41,390,0,0,398,738,26,0,969,3649,216,5158,83352,10725,3370,89840,13154,11099,2837,2211,2570,0,8,11,152,9,12181,3337,92312,8229,7619,1080393,EUW1_7275124164
0,0,65,0,0,291,100,0,0,0,0,1338,1703,17,0,0,0,41,390,0,0,314,738,26,0,1566,4131,216,5376,90617,10725,3381,97670,13154,11353,2921,2211,2594,0,8,11,158,9,14101,7049,97924,8826,8113,1140412,EUW1_7275124164
0,0,65,0,0,315,100,0,0,0,0,1703,1703,119,0,0,0,41,390,0,0,677,738,26,0,298,4131,216,5376,94638,10725,3412,101790,13154,11384,3020,2211,2594,0,8,11,164,9,2833,11352,99193,9058,8293,1200431,EUW1_7275124164
0,0,70,0,0,331,100,0,0,0,0,1815,1828,18,0,0,0,42,390,0,0,692,792,27,0,1047,4358,216,5828,102915,12574,3424,110510,15026,11847,3236,2235,2594,0,8,12,169,9,5179,12251,110937,9807,8791,1260434,EUW1_7275124164
0,0,70,0,0,346,125,0,0,0,0,1828,1828,18,0,0,0,42,405,0,0,792,792,27,0,319,4358,216,7632,103997,12862,3535,111592,15315,13799,3236,2235,2630,0,8,12,169,9,13919,7113,111438,9929,8853,1320446,EUW1_7275124164
0,0,75,0,0,364,125,0,0,0,0,971,1956,19,0,0,0,44,405,0,0,847,847,164,0,2258,5267,816,8691,117178,16576,3562,125749,19696,14884,3303,2303,2630,0,12,13,180,9,13269,5063,123053,11868,10086,1380447,EUW1_7275124164
0,0,75,0,0,402,135,0,0,0,0,1956,1956,19,7,0,0,44,405,0,0,825,847,164,0,413,5307,816,8691,120274,16576,3562,128885,19696,14884,3303,2303,2630,0,12,13,184,9,9325,9156,123053,12122,10359,1440449,EUW1_7275124164
0,0,75,0,0,402,135,0,0,0,0,1956,1956,136,7,0,0,44,405,0,0,655,847,29,0,925,6653,816,8691,135251,16576,3581,145348,19696,14903,3443,2303,2630,0,12,13,198,9,6585,8472,136414,12635,11102,1500453,EUW1_7275124164
0,0,80,0,0,420,135,0,0,0,0,2088,2088,146,7,0,0,45,405,0,0,738,904,31,0,1337,6672,835,9036,142814,16954,4624,153241,20177,16407,3754,2387,2746,0,12,14,206,9,13418,7716,144212,13047,11501,1560474,EUW1_7275124164
0,0,80,0,0,484,135,0,0,0,0,0,2088,20,7,0,0,45,405,0,0,869,904,31,0,1227,7121,854,10565,162469,24358,5363,173556,27721,19026,3966,2508,3096,0,12,14,218,9,8000,13759,157437,14236,12701,1620482,EUW1_7275124164
0,0,80,0,0,523,135,0,0,0,0,2088,2088,20,15,0,0,45,405,0,0,875,904,31,0,74,7121,854,10565,162469,24358,5363,173556,27721,19026,3966,2508,3096,0,12,14,218,9,9424,9312,157437,14359,12701,1680488,EUW1_7275124164
0,0,86,0,0,545,135,0,0,0,0,2224,2224,22,15,0,0,47,405,0,0,884,963,33,0,630,8178,878,10565,179454,24699,5363,191598,28086,19026,3966,2508,3096,0,12,15,234,9,9606,12527,166876,14914,13369,1740500,EUW1_7275124164
0,42,92,0,0,610,135,0,0,0,0,2363,2363,23,15,0,0,48,405,0,0,1023,1023,35,0,2248,8284,897,10998,196015,29653,5363,208265,33059,19459,3966,2508,3096,0,12,16,239,9,6693,7047,168587,16532,15119,1800517,EUW1_7275124164
0,42,92,0,35,698,135,0,0,0,0,2363,2363,165,15,0,0,48,405,0,0,1023,1023,35,0,73,12204,897,10998,210672,29653,5363,226877,33059,19459,4000,2508,3096,0,16,16,249,9,11956,10575,185355,17358,15724,1860518,EUW1_7275124164
0,42,92,0,35,698,135,0,0,0,0,1237,2363,165,15,0,0,48,405,0,0,977,1023,35,0,703,12228,897,12302,226570,29653,5363,243038,33059,20762,4240,2508,3096,0,16,16,260,9,7268,7151,186691,17988,16396,1920521,EUW1_7275124164
0,0,97,0,35,732,135,0,0,0,0,2507,2507,24,15,0,0,50,379,0,0,923,1086,37,0,549,12310,939,12386,243283,35413,5363,259942,38861,20846,4348,2508,3096,0,16,17,269,9,11603,11018,191267,18333,16942,1980528,EUW1_7275124164
0,0,97,0,35,732,135,0,0,0,0,2507,2507,24,15,0,0,50,405,0,0,1017,1086,37,0,1696,18326,939,13078,267702,38321,5577,290410,41803,21753,4381,2542,3096,0,24,17,275,9,11051,5037,207267,19480,18355,2040529,EUW1_7275124164
0,0,103,0,35,759,135,0,0,0,0,0,2654,26,15,0,0,52,405,0,0,1131,1150,39,0,1966,18570,1183,15272,275502,40491,6980,300689,46452,28083,6617,4777,5830,0,24,18,280,9,11609,4603,214554,19750,18477,2100553,EUW1_7275124164
0,0,103,0,35,759,135,0,0,0,0,0,2654,26,15,0,0,52,405,0,0,1131,1150,39,0,1483,18570,1183,15272,275502,40491,6980,300689,46452,28083,6617,4777,5830,0,24,18,280,9,11609,4603,214554,19767,18477,2109423,EUW1_7275124164
0,0,27,0,0,25,100,0,0,0,0,545,545,0,0,0,0,30,330,0,0,350,350,0,0,500,0,0,0,0,0,0,0,0,0,0,0,0,0,0,1,0,10,14281,14199,0,500,0,0,EUW1_7275124164
0,9,27,0,0,49,110,0,0,0,0,539,585,13,0,0,0,30,330,0,0,320,350,28,0,0,0,0,71,0,0,0,0,0,71,0,0,0,30,0,1,0,10,12186,4574,0,500,0,60017,EUW1_7275124164
0,9,27,0,0,49,110,0,0,0,0,389,585,13,0,0,0,30,330,0,0,284,350,28,0,62,29,6,136,235,39,132,384,45,279,119,0,10,30,0,1,1,10,12691,1784,0,562,180,120032,EUW1_7275124164
0,9,30,0,0,51,111,0,0,0,0,400,662,14,0,0,0,30,330,0,0,196,386,29,0,508,298,268,361,535,239,180,1178,598,552,344,90,10,30,0,2,2,10,12066,1837,5556,1008,564,180044,EUW1_7275124164
0,9,33,0,0,53,113,0,0,0,0,743,743,15,0,0,0,31,355,0,0,356,423,30,0,153,818,330,361,785,280,185,2304,700,556,700,90,10,30,0,3,3,10,10360,2932,17113,1203,827,240066,EUW1_7275124164
0,9,37,0,0,55,114,0,0,0,0,508,827,16,0,0,0,32,355,0,0,281,463,31,0,403,1091,602,630,1115,565,434,2907,1258,1084,700,90,19,30,0,4,3,10,12952,2056,23761,1453,1141,300144,EUW1_7275124164
0,9,37,0,0,55,114,0,0,0,0,827,827,16,0,0,0,32,375,0,0,463,463,31,0,133,1116,602,630,1282,565,434,3186,1258,1084,786,90,19,30,0,4,4,10,6734,9538,23761,1608,1321,360148,EUW1_7275124164
0,9,37,0,0,55,114,0,0,0,0,0,827,16,0,0,0,32,375,0,0,183,463,31,0,422,1733,763,1489,1517,687,630,4597,2038,2831,1346,586,711,30,2,4,7,10,11943,2739,26937,1897,1701,420149,EUW1_7275124164
0,9,41,0,0,58,116,0,0,0,0,967,1165,21,0,0,0,34,375,0,0,504,504,39,0,349,1806,837,1489,1573,687,1081,4811,2111,3281,1431,586,711,50,2,5,8,10,11503,3793,31328,2224,1926,480176,EUW1_7275124164
0,11,41,0,0,58,116,0,0,0,0,714,1195,21,0,0,0,34,375,0,0,184,504,39,0,591,2246,956,1715,1851,728,1343,5761,2271,3769,1663,586,711,50,2,5,10,10,11829,1204,37078,2466,2228,540212,EUW1_7275124164
0,11,45,0,0,60,118,0,0,0,0,806,1316,23,0,0,0,35,375,0,0,116,547,40,0,966,3826,1360,1970,2397,983,1439,8210,3100,4120,1987,756,711,50,2,6,12,10,11438,1183,55382,2841,2697,600236,EUW1_7275124164
0,11,49,0,0,60,118,0,0,0,0,1239,1366,23,0,0,0,59,375,0,0,94,547,40,0,297,4267,1605,2033,2535,1024,1535,8822,3386,4280,2019,756,711,50,2,6,12,10,4219,9816,59757,3047,2865,660248,EUW1_7275124164
0,11,60,0,0,60,118,0,0,0,0,1366,1366,23,0,0,0,55,375,0,0,448,547,40,0,594,4442,1780,2064,2578,1067,1583,9040,3604,4359,2019,756,711,50,2,6,12,10,12088,8553,66614,3644,2998,720272,EUW1_7275124164
0,14,60,0,0,60,118,0,0,0,0,1063,1366,23,0,0,0,55,375,0,0,526,547,40,0,809,4505,1843,2148,2584,1067,1810,9109,3667,4714,2019,756,756,50,2,6,14,10,11377,4924,68524,3869,3073,780298,EUW1_7275124164
0,15,79,0,0,63,120,0,0,0,0,1212,1460,24,0,0,0,66,375,0,0,237,592,41,0,475,5681,2351,2383,2770,1189,1853,10849,4336,5018,2396,794,782,50,2,7,15,10,13484,4005,86383,4235,3376,840313,EUW1_7275124164
0,35,74,0,0,63,120,0,0,0,0,1528,1560,28,0,0,0,61,375,0,0,592,592,48,0,174,5770,2440,3574,2812,1230,1853,10979,4466,6236,2396,794,809,50,2,7,15,10,8310,7801,90658,4409,3376,900321,EUW1_7275124164
0,35,74,0,0,63,120,0,0,0,0,1560,1560,28,0,0,0,61,375,0,0,592,592,48,0,398,6929,2699,4449,2939,1230,1905,12265,4724,7164,2396,794,809,50,2,7,16,10,4540,12176,103110,4633,3708,960343,EUW1_7275124164
0,36,79,0,0,63,120,0,0,0,0,1215,1560,28,0,0,0,66,175,0,0,453,592,48,0,621,7001,2771,4510,3002,1230,2196,12399,4796,7515,2396,794,809,50,2,7,17,10,8844,9939,103912,4856,4026,1020368,EUW1_7275124164
0,36,79,0,0,66,122,0,0,0,0,1419,1657,30,0,0,0,62,375,0,0,279,638,50,0,824,8299,3214,4510,3348,1304,2417,14254,5523,7750,2606,1004,823,50,2,8,18,10,11588,4619,110856,5064,4155,1080393,EUW1_7275124164
0,41,79,0,0,66,122,0,0,0,0,1807,1807,30,0,0,0,62,479,0,0,638,638,50,0,51,8826,3741,6882,3542,1498,2537,15698,6968,10966,3329,1727,1546,50,2,8,18,10,13569,12832,110856,5341,4713,1140412,EUW1_7275124164
0,41,83,0,0,69,124,0,0,0,0,1908,1908,32,0,0,0,63,375,0,0,598,687,52,0,252,10176,3741,6882,4146,1498,2548,17653,6968,10977,3329,1727,1546,50,2,9,21,10,2202,11435,122363,5542,5408,1200431,EUW1_7275124164
0,41,83,0,0,69,124,0,0,0,0,0,1908,32,0,0,0,63,375,0,0,46,687,52,0,492,12330,4169,10046,4453,1585,2548,21442,8812,15350,4658,3057,2755,50,2,9,21,10,4442,12066,133891,5782,6118,1260434,EUW1_7275124164
0,41,88,0,0,72,126,0,0,0,0,1969,2062,34,0,0,0,65,375,0,0,620,737,53,0,600,14641,4169,10046,4590,1585,2702,23890,8812,15504,4658,3057,2755,50,2,10,27,10,10431,7802,156104,6040,6521,1320446,EUW1_7275124164
0,43,88,0,0,72,126,0,0,0,0,803,2062,34,0,0,0,65,375,0,0,105,737,53,0,920,15852,4789,11297,4725,1665,2927,25237,9512,17010,4658,3057,2785,50,2,10,29,10,12434,5630,164421,6365,7297,1380447,EUW1_7275124164
0,44,93,0,0,75,128,0,0,0,0,1137,2169,36,0,0,0,66,612,0,0,312,788,55,0,1194,16302,4984,12084,4727,1665,2927,25689,9707,17798,4658,3057,2785,50,2,11,31,10,14340,14391,168530,6644,7808,1440449,EUW1_7275124164
0,44,93,0,0,75,128,0,0,0,0,2169,2169,36,0,0,0,66,375,0,0,788,788,71,0,761,16302,4984,12084,4728,1665,2927,25690,9707,17798,4658,3057,2785,50,2,11,32,10,5025,8695,168530,6816,7808,1500453,EUW1_7275124164
0,44,93,0,0,75,128,0,0,0,0,2169,2169,36,0,0,0,66,534,0,0,788,788,87,0,13,17168,5070,12084,4913,1699,2975,26740,9827,17846,4658,3057,2785,50,2,11,32,10,12064,13150,174131,6969,8287,1560474,EUW1_7275124164
0,44,98,0,0,78,130,0,0,0,0,0,2280,38,0,0,0,67,375,0,0,572,842,90,0,223,18079,5725,14496,4957,1743,3523,28998,11827,22454,5960,4358,4434,50,2,12,33,10,6644,13141,183246,7178,8623,1620482,EUW1_7275124164
0,44,98,0,0,78,130,0,0,0,0,2280,2280,38,0,0,0,67,375,0,0,842,842,90,0,481,18079,5725,14496,4961,1743,3523,29008,11827,22454,5966,4358,4434,50,2,12,36,10,6905,11404,184081,7446,8651,1680488,EUW1_7275124164
0,44,98,0,0,78,130,0,0,0,0,2280,2280,38,0,0,0,67,375,0,0,842,842,90,0,634,18707,5725,14496,4961,1743,3523,29635,11827,22454,5966,4358,4434,50,2,12,36,10,9730,12359,186753,7599,8965,1740500,EUW1_7275124164
0,86,103,0,0,107,133,0,0,0,0,1960,2394,40,0,0,0,69,375,0,0,658,897,93,0,1201,19186,6203,14496,5078,1859,3997,30479,12670,22928,6214,4606,4434,50,2,13,37,10,6867,7366,194264,8246,10767,1800517,EUW1_7275124164
0,86,103,0,0,107,133,0,0,0,0,1965,2394,183,0,0,0,69,375,0,0,754,897,93,0,1403,20305,6414,15197,5359,1914,4389,32109,13020,24021,6444,4690,4434,50,2,13,37,10,9350,2305,208608,8448,10910,1860518,EUW1_7275124164
0,106,111,0,0,107,133,0,0,0,0,1596,2394,40,0,0,0,76,203,0,0,745,897,127,0,680,20305,6414,16025,5359,1914,4389,32109,13020,24849,6444,4690,4434,50,2,13,37,10,6626,6710,208608,8625,10988,1920521,EUW1_7275124164
0,64,103,0,0,81,133,0,0,0,0,0,2394,40,0,0,0,69,375,0,0,578,897,127,0,833,20663,6772,18302,5399,1953,5624,34099,15010,29920,8037,6283,5992,50,2,13,37,10,10663,10237,211272,8778,11293,1980528,EUW1_7275124164
0,64,108,0,0,85,135,0,0,0,0,2511,2511,42,0,0,0,70,375,0,0,954,954,131,0,1075,20663,6772,18302,5400,1953,5624,34100,15010,29920,8037,6283,5992,50,2,14,38,10,10000,5958,211272,9020,11653,2040529,EUW1_7275124164
0,64,108,0,0,85,135,0,0,0,0,0,2511,42,0,0,0,70,375,0,0,704,954,131,0,1228,21725,7222,19326,5503,1971,7770,35921,16132,33089,8692,6939,5992,50,2,14,38,10,11688,4372,218465,9172,11819,2100553,EUW1_7275124164
0,64,108,0,0,85,135,0,0,0,0,0,2511,42,0,0,0,70,375,0,0,704,954,131,0,1249,21725,7222,19326,5503,1971,7770,35921,16132,33089,8692,6939,5992,50,2,14,38,10,11688,4372,218465,9194,11819,2109423,EUW1_7275124164
