PlayerScore0,PlayerScore1,PlayerScore10,PlayerScore11,PlayerScore2,PlayerScore3,PlayerScore4,PlayerScore5,PlayerScore6,PlayerScore7,PlayerScore8,PlayerScore9,allInPings,assistMePings,assists,baronKills,basicPings,champExperience,champLevel,championId,championName,championTransform,commandPings,consumablesPurchased,damageDealtToBuildings,damageDealtToEpicMonsters,damageDealtToObjectives,damageDealtToTurrets,damageSelfMitigated,dangerPings,deaths,detectorWardsPlaced,doubleKills,dragonKills,eligibleForProgression,enemyMissingPings,enemyVisionPings,firstBloodAssist,firstBloodKill,firstTowerAssist,firstTowerKill,gameEndedInEarlySurrender,gameEndedInSurrender,getBackPings,goldEarned,goldSpent,holdPings,individualPosition,inhibitorKills,inhibitorTakedowns,inhibitorsLost,item0,item1,item2,item3,item4,item5,item6,itemsPurchased,killingSprees,kills,lane,largestCriticalStrike,largestKillingSpree,largestMultiKill,longestTimeSpentLiving,magicDamageDealt,magicDamageDealtToChampions,magicDamageTaken,needVisionPings,neutralMinionsKilled,nexusKills,nexusLost,nexusTakedowns,objectivesStolen,objectivesStolenAssists,onMyWayPings,participantId,pentaKills,physicalDamageDealt,physicalDamageDealtToChampions,physicalDamageTaken,placement,playerAugment1,playerAugment2,playerAugment3,playerAugment4,playerAugment5,playerAugment6,playerSubteamId,profileIcon,pushPings,puuid,quadraKills,retreatPings,riotIdGameName,riotIdTagline,role,roleBoundItem,sightWardsBoughtInGame,spell1Casts,spell2Casts,spell3Casts,spell4Casts,subteamPlacement,summoner1Casts,summoner1Id,summoner2Casts,summoner2Id,summonerId,summonerLevel,summonerName,teamEarlySurrendered,teamId,teamPosition,timeCCingOthers,timePlayed,totalAllyJungleMinionsKilled,totalDamageDealt,totalDamageDealtToChampions,totalDamageShieldedOnTeammates,totalDamageTaken,totalEnemyJungleMinionsKilled,totalHeal,totalHealsOnTeammates,totalMinionsKilled,totalTimeCCDealt,totalTimeSpentDead,totalUnitsHealed,tripleKills,trueDamageDealt,trueDamageDealtToChampions,trueDamageTaken,turretKills,turretTakedowns,turretsLost,unrealKills,visionClearedPings,visionScore,visionWardsBoughtInGame,wardsKilled,wardsPlaced,win,challenges_12AssistStreakCount,challenges_HealFromMapSources,challenges_InfernalScalePickup,challenges_SWARM_DefeatAatrox,challenges_SWARM_DefeatBriar,challenges_SWARM_DefeatMiniBosses,challenges_SWARM_EvolveWeapon,challenges_SWARM_Have3Passives,challenges_SWARM_KillEnemy,challenges_SWARM_PickupGold,challenges_SWARM_ReachLevel50,challenges_SWARM_Survive15Min,challenges_SWARM_WinWith5EvolvedWeapons,challenges_abilityUses,challenges_acesBefore15Minutes,challenges_alliedJungleMonsterKills,challenges_baronTakedowns,challenges_blastConeOppositeOpponentCount,challenges_bountyGold,challenges_buffsStolen,challenges_completeSupportQuestInTime,challenges_controlWardTimeCoverageInRiverOrEnemyHalf,challenges_controlWardsPlaced,challenges_damagePerMinute,challenges_damageTakenOnTeamPercentage,challenges_dancedWithRiftHerald,challenges_deathsByEnemyChamps,challenges_dodgeSkillShotsSmallWindow,challenges_doubleAces,challenges_dragonTakedowns,challenges_earliestBaron,challenges_earlyLaningPhaseGoldExpAdvantage,challenges_effectiveHealAndShielding,challenges_elderDragonKillsWithOpposingSoul,challenges_elderDragonMultikills,challenges_enemyChampionImmobilizations,challenges_enemyJungleMonsterKills,challenges_epicMonsterKillsNearEnemyJungler,challenges_epicMonsterKillsWithin30SecondsOfSpawn,challenges_epicMonsterSteals,challenges_epicMonsterStolenWithoutSmite,challenges_firstTurretKilled,challenges_fistBumpParticipation,challenges_flawlessAces,challenges_fullTeamTakedown,challenges_gameLength,challenges_getTakedownsInAllLanesEarlyJungleAsLaner,challenges_goldPerMinute,challenges_hadOpenNexus,challenges_highestChampionDamage,challenges_immobilizeAndKillWithAlly,challenges_initialBuffCount,challenges_initialCrabCount,challenges_jungleCsBefore10Minutes,challenges_junglerTakedownsNearDamagedEpicMonster,challenges_kTurretsDestroyedBeforePlatesFall,challenges_kda,challenges_killAfterHiddenWithAlly,challenges_killParticipation,challenges_killedChampTookFullTeamDamageSurvived,challenges_killingSprees,challenges_killsNearEnemyTurret,challenges_killsOnOtherLanesEarlyJungleAsLaner,challenges_killsOnRecentlyHealedByAramPack,challenges_killsUnderOwnTurret,challenges_killsWithHelpFromEpicMonster,challenges_knockEnemyIntoTeamAndKill,challenges_landSkillShotsEarlyGame,challenges_laneMinionsFirst10Minutes,challenges_laningPhaseGoldExpAdvantage,challenges_legendaryCount,challenges_lostAnInhibitor,challenges_maxCsAdvantageOnLaneOpponent,challenges_maxKillDeficit,challenges_maxLevelLeadLaneOpponent,challenges_mejaisFullStackInTime,challenges_moreEnemyJungleThanOpponent,challenges_multiKillOneSpell,challenges_multiTurretRiftHeraldCount,challenges_multikills,challenges_multikillsAfterAggressiveFlash,challenges_outerTurretExecutesBefore10Minutes,challenges_outnumberedKills,challenges_outnumberedNexusKill,challenges_perfectDragonSoulsTaken,challenges_perfectGame,challenges_pickKillWithAlly,challenges_playedChampSelectPosition,challenges_poroExplosions,challenges_quickCleanse,challenges_quickFirstTurret,challenges_quickSoloKills,challenges_riftHeraldTakedowns,challenges_saveAllyFromDeath,challenges_scuttleCrabKills,challenges_shortestTimeToAceFromFirstTakedown,challenges_skillshotsDodged,challenges_skillshotsHit,challenges_snowballsHit,challenges_soloBaronKills,challenges_soloKills,challenges_soloTurretsLategame,challenges_stealthWardsPlaced,challenges_survivedSingleDigitHpCount,challenges_survivedThreeImmobilizesInFight,challenges_takedownOnFirstTurret,challenges_takedowns,challenges_takedownsAfterGainingLevelAdvantage,challenges_takedownsBeforeJungleMinionSpawn,challenges_takedownsFirstXMinutes,challenges_takedownsInAlcove,challenges_takedownsInEnemyFountain,challenges_teamBaronKills,challenges_teamDamagePercentage,challenges_teamElderDragonKills,challenges_teamRiftHeraldKills,challenges_tookLargeDamageSurvived,challenges_turretPlatesTaken,challenges_turretTakedowns,challenges_turretsTakenWithRiftHerald,challenges_twentyMinionsIn3SecondsCount,challenges_twoWardsOneSweeperCount,challenges_unseenRecalls,challenges_visionScoreAdvantageLaneOpponent,challenges_visionScorePerMinute,challenges_voidMonsterKill,challenges_wardTakedowns,challenges_wardTakedownsBefore20M,challenges_wardsGuarded,missions_playerScore0,missions_playerScore1,missions_playerScore2,missions_playerScore3,missions_playerScore4,missions_playerScore5,missions_playerScore6,missions_playerScore7,missions_playerScore8,missions_playerScore9,missions_playerScore10,missions_playerScore11,perks_statPerks_defense,perks_statPerks_flex,perks_statPerks_offense,challenges_earliestDragonTakedown,challenges_highestWardKills,challenges_junglerKillsEarlyJungle,challenges_killsOnLanersEarlyJungleAsJungler,challenges_highestCrowdControlScore,challenges_firstTurretKilledTime,info_gameId,perk_0,perk_1,perk_2,perk_3,perk_4,perk_5,var1_0,var1_1,var1_2,var1_3,var1_4,var1_5,var2_0,var2_1,var2_2,var2_3,var2_4,var2_5,var3_0,var3_1,var3_2,var3_3,var3_4,var3_5
PlayerScore0,PlayerScore1,PlayerScore10,PlayerScore11,PlayerScore2,PlayerScore3,PlayerScore4,PlayerScore5,PlayerScore6,PlayerScore7,PlayerScore8,PlayerScore9,allInPings,assistMePings,assists,baronKills,basicPings,champExperience,champLevel,championId,championName,championTransform,commandPings,consumablesPurchased,damageDealtToBuildings,damageDealtToEpicMonsters,damageDealtToObjectives,damageDealtToTurrets,damageSelfMitigated,dangerPings,deaths,detectorWardsPlaced,doubleKills,dragonKills,eligibleForProgression,enemyMissingPings,enemyVisionPings,firstBloodAssist,firstBloodKill,firstTowerAssist,firstTowerKill,gameEndedInEarlySurrender,gameEndedInSurrender,getBackPings,goldEarned,goldSpent,holdPings,individualPosition,inhibitorKills,inhibitorTakedowns,inhibitorsLost,item0,item1,item2,item3,item4,item5,item6,itemsPurchased,killingSprees,kills,lane,largestCriticalStrike,largestKillingSpree,largestMultiKill,longestTimeSpentLiving,magicDamageDealt,magicDamageDealtToChampions,magicDamageTaken,needVisionPings,neutralMinionsKilled,nexusKills,nexusLost,nexusTakedowns,objectivesStolen,objectivesStolenAssists,onMyWayPings,particimantid,pentaKills,physicalDamageDealt,physicalDamageDealtToChampions,physicalDamageTaken,placement,playerAugment1,playerAugment2,playerAugment3,playerAugment4,playerAugment5,playerAugment6,playerSubteamId,profileIcon,pushPings,puuid,quadraKills,retreatPings,gameName,tagline,role,roleBoundItem,sightWardsBoughtInGame,spell1Casts,spell2Casts,spell3Casts,spell4Casts,subteamPlacement,summonerSpell1Casts,summonerSpell1,summonerSpell2Casts,summonerSpell2,summonerIdLong,summonerLevel,summonerName,teamEarlySurrendered,teamid,teamPosition,timeCCingOthers,timePlayed,neutralMinionsKilledTeamJungle,totalDamageDealt,totalDamageDealtToChampions,totalDamageShieldedOnTeammates,totalDamageTaken,neutralMinionsKilledEnemyJungle,totalHeal,totalHealsOnTeammates,totalMinionsKilled,totalTimeCrowdControlDealt,totalTimeSpentDead,totalUnitsHealed,tripleKills,trueDamageDealt,trueDamageDealtToChampions,trueDamageTaken,turretKills,turretTakedowns,turretsLost,unrealKills,visionClearedPings,visionScore,visionWardsBoughtInGame,wardsKilled,wardsPlaced,win,12AssistStreakCount,HealFromMapSources,infernalScalePickup,SWARM_DefeatAatrox,SWARM_DefeatBriar,SWARM_DefeatMiniBosses,SWARM_EvolveWeapon,SWARM_Have3Passives,SWARM_KillEnemy,SWARM_PickupGold,SWARM_ReachLevel50,SWARM_Survive15Min,SWARM_WinWith5EvolvedWeapons,abilityUses,acesBefore15Minutes,alliedJungleMonsterKills,baronTakeDowns,blastConeOppositeOpponentCount,bountyGold,buffsStolen,completeSupportQuestInTime,controlWardTimeCoverageInRiverOrEnemyHalf,controlWardsPlaced,damagePerMinute,damageTakenOnTeamPercentage,dancedWithRiftHerald,deathsByEnemyChamps,dodgeSkillShotsSmallWindow,doubleAces,dragonTakedowns,earliestBaron,earlyLaningPhaseGoldExpAdvantage,effectiveHealAndShielding,elderDragonKillsWithOpposingSoul,elderDragonMultikills,enemyChampionImmobilizations,enemyJungleMonsterKills,epicMonsterKillsNearEnemyJungler,epicMonsterKillsWithin30SecondsOfSpawn,epicMonsterSteals,epicMonsterStolenWithoutSmite,firstTurretKilled,fistBumpParticipation,flawlessAces,fullTeamTakedown,gameLength,getTakedownsInAllLanesEarlyJungleAsLaner,goldPerMinute,hadOpenNexus,highestChampionDamage,immobilizeAndKillWithAlly,initialBuffCount,initialCrabCount,jungleCsBefore10Minutes,junglerTakedownsNearDamagedEpicMonster,kTurretsDestroyedBeforePlatesFall,kda,killAfterHiddenWithAlly,killParticipation,killedChampTookFullTeamDamageSurvived,killingSprees,killsNearEnemyTurret,killsOnOtherLanesEarlyJungleAsLaner,killsOnRecentlyHealedByAramPack,killsUnderOwnTurret,killsWithHelpFromEpicMonster,knockEnemyIntoTeamAndKill,landSkillShotsEarlyGame,laneMinionsFirst10Minutes,laningPhaseGoldExpAdvantage,legendaryCount,lostAnInhibitor,maxCsAdvantageOnLaneOpponent,maxKillDeficit,maxLevelLeadLaneOpponent,mejaisFullStackInTime,moreEnemyJungleThanOpponent,multiKillOneSpell,multiTurretRiftHeraldCount,multikills,multikillsAfterAggressiveFlash,outerTurretExecutesBefore10Minutes,outnumberedKills,outnumberedNexusKill,perfectDragonSoulsTaken,perfectGame,pickKillWithAlly,playedChampSelectPosition,poroExplosions,quickCleanse,quickFirstTurret,quickSoloKills,riftHeraldTakedowns,saveAllyFromDeath,scuttleCrabKills,shortestTimeToAceFromFirstTakedown,skillshotsDodged,skillshotsHit,snowballsHit,soloBaronKills,soloKills,soloTurretsLategame,stealthWardsPlaced,survivedSingleDigitHpCount,survivedThreeImmobilizesInFight,takedownOnFirstTurret,takedowns,takedownsAfterGainingLevelAdvantage,takedownsBeforeJungleMinionSpawn,takedownsFirstXMinutes,takedownsInAlcove,takedownsInEnemyFountain,teamBaronKills,teamDamagePercentage,teamElderDragonKills,teamRiftHeraldKills,tookLargeDamageSurvived,turretPlatesTaken,turretTakedowns,turretsTakenWithRiftHerald,twentyMinionsIn3SecondsCount,twoWardsOneSweeperCount,unseenRecalls,visionScoreAdvantageLaneOpponent,visionScorePerMinute,voidMonsterKill,wardTakedowns,wardTakedownsBefore20M,wardsGuarded,playerScore0,playerScore1,playerScore2,playerScore3,playerScore4,playerScore5,playerScore6,playerScore7,playerScore8,playerScore9,playerScore10,playerScore11,defense,flex,offense,earliestDragonTakedown,highestWardKills,junglerKillsEarlyJungle,killsOnLanersEarlyJungleAsJungler,highestCrowdControlScore,firstTurretKilledTime,gameid,perk0,perk1,perk2,perk3,perk4,perk5,perk0_var1,perk0_var1,perk0_var1,perk3_var1,perk4_var1,perk5_var1,perk0_var2,perk0_var2,perk0_var2,perk3_var2,perk4_var2,perk5_var2,perk0_var3,perk0_var3,perk0_var3,perk0_var3,perk4_var3,perk5_var3
Int(4),Int(4),Int(4),Int(4),Int(4),Int(4),Int(4),Int(4),Int(4),Int(4),Int(4),Int(4),Int(4),Int(8),Int(4),Int(4),Int(8),Int(8),Int(4),Int(4),Varchar(24),Int(8),Int(8),Int(8),Int(8),Int(8),Int(8),Int(8),Int(16),Int(8),Int(4),Int(8),Int(4),Int(4),bool,Int(8),Int(8),bool,bool,bool,bool,bool,bool,Int(8),Int(8),Int(8),Int(8),Varchar(16),Int(4),Int(4),Int(4),Int(8),Int(8),Int(8),Int(8),Int(8),Int(8),Int(8),Int(8),Int(4),Int(4),Varchar(16),Int(8),Int(4),Int(4),Int(8),Int(8),Int(8),Int(8),Int(8),Int(8),Int(4),Int(4),Int(4),Int(4),Int(4),Int(8),Int(4),Int(8),Int(8),Int(8),Int(8),Int(8),Int(8),Int(8),Int(8),Int(8),Int(8),Int(8),Int(8),Int(8),Int(8),text,Int(8),Int(8),Varchar(16),Varchar(8),Varchar(16),Int(8),Int(4),Int(8),Int(8),Int(8),Int(8),Int(8),Int(4),Int(4),Int(4),Int(4),text,Int(8),Varchar(16),bool,Int(4),Varchar(16),Int(8),Int(8),Int(8),Int(16),Int(8),Int(8),Int(8),Int(8),Int(8),Int(8),Int(8),Int(8),Int(8),Int(8),Int(4),Int(16),Int(8),Int(16),Int(8),Int(8),Int(8),Int(8),Int(8),Int(8),Int(4),Int(8),Int(4),bool,Int(8),"Double(8,4)",Int(8),Int(8),Int(8),Int(8),Int(8),Int(8),Int(8),Int(8),Int(8),Int(8),Int(8),Int(8),Int(4),Int(8),Int(8),Int(8),"Double(8,4)",Int(8),Int(4),"Double(2,8)",Int(8),"Double(8,4)","Double(4,8)",Int(8),Int(8),Int(8),Int(8),Int(4),"Double(8,4)",Int(8),"Double(8,8)",Int(8),Int(8),Int(8),Int(8),Int(4),Int(8),Int(8),Int(8),Int(4),Int(8),Int(8),Int(8),"Double(8,8)","Double(4,4)","Double(8,8)",Int(8),"Double(4,4)",Int(8),Int(4),Int(4),"Double(4,8)",Int(8),Int(8),"Double(4,8)",Int(8),"Double(4,8)",Int(8),Int(8),Int(8),"Double(4,4)",Int(8),Int(8),Int(8),Int(8),Int(8),Int(8),Int(4),Int(8),Int(4),"Double(4,8)",Int(8),Int(8),Int(8),"Double(4,8)",Int(4),Int(8),Int(4),Int(8),Int(4),Int(8),Int(8),Int(4),Int(4),Int(8),Int(4),Int(8),Int(8),Int(8),Int(8),Int(4),Int(4),Int(4),"Double(4,8)",Int(8),Int(8),Int(8),Int(8),Int(8),"Double(4,4)",Int(8),Int(8),Int(4),Int(4),Int(8),Int(4),Int(4),Int(8),Int(8),Int(4),Int(4),"Double(2,8)",Int(4),Int(4),Int(8),Int(8),Int(4),Int(4),Int(8),Int(4),Int(4),"Double(4,8)","Double(4,8)",Int(4),Int(8),Int(4),Int(4),Int(8),Int(8),Int(8),Int(8),Int(8),Int(8),Int(8),Int(8),Int(8),Int(8),Int(8),Int(8),Int(8),Int(8),Int(8),"Double(8,8)","Double(4,4)","Double(4,4)","Double(4,4)","Double(4,4)","Double(8,8)",Bigint(16),Int(8),Int(8),Int(8),Int(8),Int(8),Int(8),Int(8),Int(8),Int(8),Int(8),Int(8),Int(8),Int(8),Int(8),Int(8),Int(8),Int(8),Int(8),Int(8),Int(8),Int(8),Int(8),Int(8),Int(8)
scores,scores,scores,scores,scores,scores,scores,scores,scores,scores,scores,scores,pings,pings,stats,stats,pings,stats,stats,user,user,meta,pings,gold,stats,stats,stats,stats,stats,pings,stats,stats,scores,stats,bools,pings,pings,bools,bools,bools,bools,bools,bools,pings,gold,gold,pings,user,stats,stats,stats,gold,gold,gold,gold,gold,gold,gold,gold,scores,stats,user,stats,scores,scores,stats,stats,stats,stats,pings,stats,stats,stats,stats,stats,stats,pings,meta,scores,stats,stats,stats,stats,ability,ability,ability,ability,ability,ability,meta,user,pings,user,scores,pings,user,user,user,gold,stats,ability,ability,ability,ability,meta,ability,ability,ability,ability,user,user,user,bools,meta,user,stats,time,stats,stats,stats,stats,stats,stats,stats,stats,stats,stats,stats,stats,scores,stats,stats,stats,stats,stats,stats,stats,pings,stats,stats,stats,stats,bools,challenge,challenge,challenge,challenge,challenge,challenge,challenge,challenge,challenge,challenge,challenge,challenge,challenge,challenge,challenge,challenge,challenge,challenge,challenge,challenge,challenge,challenge,challenge,challenge,challenge,challenge,challenge,challenge,challenge,challenge,challenge,challenge,challenge,challenge,challenge,challenge,challenge,challenge,challenge,challenge,challenge,challenge,challenge,challenge,challenge,challenge,challenge,challenge,challenge,challenge,challenge,challenge,challenge,challenge,challenge,challenge,challenge,challenge,challenge,challenge,challenge,challenge,challenge,challenge,challenge,challenge,challenge,challenge,challenge,challenge,challenge,challenge,challenge,challenge,challenge,challenge,challenge,challenge,challenge,challenge,challenge,challenge,challenge,challenge,challenge,challenge,challenge,challenge,challenge,challenge,challenge,challenge,challenge,challenge,challenge,challenge,challenge,challenge,challenge,challenge,challenge,challenge,challenge,challenge,challenge,challenge,challenge,challenge,challenge,challenge,challenge,challenge,challenge,challenge,challenge,challenge,challenge,challenge,challenge,challenge,challenge,challenge,challenge,challenge,challenge,challenge,challenge,challenge,challenge,scores,scores,scores,scores,scores,scores,scores,scores,scores,scores,scores,scores,ability,ability,ability,challenge,challenge,challenge,challenge,challenge,challenge,meta,ability,ability,ability,ability,ability,ability,ability,ability,ability,ability,ability,ability,ability,ability,ability,ability,ability,ability,ability,ability,ability,ability,ability,ability
0,0,0,0,0,0,0,0,0,0,0,0,0,0,5,0,0,20270,18,75,Nasus,0,0,2,24293,0,24293,24293,60760,0,6,1,1,0,True,1,0,False,False,False,False,False,False,2,14925,11358,0,TOP,0,1,0,1031,3158,3078,3110,3075,3066,3340,21,4,13,JUNGLE,29,4,3,541,20449,6362,12754,0,4,1,0,1,0,0,9,1,0,190823,33180,35028,0,0,0,0,0,0,0,0,5734,0,vSH-tGBWrQjPoeYx784prq25bZ022Cyi32_eNPqeKResbfqPKYAFcDZ2vCoO9V0UnpfkUAIhu54T5Q,0,0,Łoya,EUW,NONE,1220,0,276,37,40,12,0,5,6,5,4,LMByXMhOhv_GqXtpPj92XNuanJTz36Ezc4a0zkK1KQoQ6o0,812,,False,100,TOP,20,1665,0,217002,39834,0,49783,4,24018,0,222,296,214,1,1,5729,291,2001,5,6,4,0,0,27,1,2,11,True,0,484.5400390625,0,0,0,0,0,0,0,0,0,0,0,365,0,0,0,0,0.0,1,0,0.2907501340323938,1,1434.7884026681822,0.3978577673252397,0,6,0,0,0,1398.239881598,0,0.0,0,0,0,1,0,0,0,0,0,0,1,0,1665.79097913,0.0,537.6104868129801,0,1.0,0,0,0,0.0,0,0,3.0,0,0.4186046511627907,0,2,4,1.0,0,3,0,0,0,68,0,0,0,93.0,1,4,0,0.0,0,0,2,0,0,6,0,0,0,5,1,0,0,0,0,0,0,0,42.4447936009999,7,0,0,0,10,3.0,10,0,4,0,18,0,0,4,0,0,1,0.3413383401927108,0,0,1,27,6,0,0,0,0,0.4700498580932617,1.004022032584221,0,2,1,1,0,0,0,0,0,0,0,0,0,0,0,0,5001,5001,5007,,,,,,,7699095132,8021,9111,9105,8299,8444,8242,3169,2380,17,1125,1630,131,0,360,50,0,0,0,0,0,0,0,0,0
0,0,0,0,0,0,0,0,0,0,0,0,0,4,10,1,0,15976,16,131,Diana,0,8,9,4575,25477,30053,4575,34829,0,9,6,0,2,True,4,1,False,False,False,False,False,False,4,13118,12550,0,JUNGLE,0,1,0,3157,2055,4633,3020,2510,1058,3364,28,1,8,JUNGLE,0,3,1,416,133858,16456,7019,0,146,0,0,0,0,0,12,2,0,31472,4429,21214,0,0,0,0,0,0,0,0,6482,0,oZmAl464V3G_59s0mnde9uarGRtHzXDnRnuyW4rLI9MSYsFQlSMYDtsygcu4Pp2QJxOZhRr_RgImwQ,0,0,Qfaster,EUW,NONE,1209,0,111,65,76,9,0,12,11,4,4,6AEvME4laNghuZ6UqXNopgzX761FN-5qh9CjIJzev8HYjHw,838,,False,100,JUNGLE,14,1665,99,226988,22508,0,28830,8,8031,0,36,164,198,1,0,61657,1622,596,1,3,4,0,0,34,8,5,8,True,0,0.0,0,0,0,0,0,0,0,0,0,0,0,261,0,68,1,0,0.0,0,0,0.22511644767751784,6,810.7336571154552,0.23040190404587818,0,9,0,0,2,1398.239881598,0,0.0,0,0,8,7,1,0,0,0,0,0,1,0,1665.79097913,,472.53174675303654,0,,5,2,1,54.50000008940697,0,1,2.0,1,0.4186046511627907,0,1,1,,0,2,0,7,4,2,0,0,0,4.000000059604645,1,1,0,-50.30000001192093,0,0,0,0,0,1,0,0,0,10,1,0,0,0,0,0,0,5,42.4447936009999,32,23,0,0,3,,2,0,3,0,18,0,0,5,0,0,1,0.19287476839339573,0,0,0,12,3,0,0,0,0,1.1701135635375977,1.2448612189929236,2,5,2,0,0,0,0,0,0,0,0,0,0,0,0,0,5001,5008,5005,483.59611117800006,1.0,0.0,1.0,,,7699095132,8010,9111,9104,8014,8347,8304,487,1565,12,575,0,9,0,360,20,0,0,4,0,0,0,0,0,5
0,0,0,0,0,0,0,0,0,0,0,0,0,0,7,0,0,14682,15,90,Malzahar,0,2,10,5212,4701,9913,5212,6273,0,1,1,1,1,True,10,2,False,False,False,False,False,False,16,11035,9925,0,MIDDLE,1,1,0,1056,3118,3089,3147,3175,1052,3340,24,1,5,MIDDLE,0,4,2,845,113143,10849,4484,0,4,0,0,1,0,0,5,3,0,10439,1321,5546,0,0,0,0,0,0,0,0,7059,0,sOCQ36N1BcoxnT5-0AzPgSsrJM17iHNvJWCqq1mLqgtA5BdclIB_xeI8foSL3KFSK2t57NvhgkxHPw,0,1,Eau daim,1012,SOLO,1206,0,83,93,90,5,0,2,12,1,4,c4gtVAr66SC1tvJu3DDVQAvYzPj1CPdORsjJaBvLnyKQMzc,399,,False,100,MIDDLE,34,1665,0,127417,12899,0,10071,0,1666,0,202,325,32,1,0,3833,728,40,2,4,4,0,0,32,1,4,11,True,0,0.0,0,0,0,0,0,0,0,0,0,0,0,271,0,0,1,0,0.0,0,0,0.4503322632337636,1,464.6216531908288,0.08048520847240916,0,1,0,0,2,1398.239881598,0,0.0,0,0,5,0,1,0,0,0,0,0,1,0,1665.79097913,0.0,397.4762569713604,0,,4,0,0,0.0,1,0,12.0,0,0.27906976744186046,0,1,0,0.0,0,1,2,0,0,70,0,0,0,43.0,1,2,0,0.0,1,0,1,0,0,1,0,0,0,9,1,0,0,0,0,0,0,0,,15,0,0,0,1,,10,0,0,0,12,0,0,3,0,0,1,0.11053419697484691,0,0,0,16,4,0,0,0,1,0.213689923286438,1.1605377701098727,1,4,3,0,0,0,0,0,0,0,0,0,0,0,0,0,5001,5008,5008,1225.627839493,,,,,,7699095132,8229,8226,8210,8236,8126,8106,1313,250,8,24,728,4,0,684,0,0,0,26,0,0,0,0,0,0
0,0,0,0,0,0,0,0,0,0,0,0,0,0,7,0,0,13167,15,21,MissFortune,0,6,1,12334,11886,24221,12334,14988,0,4,0,2,0,True,2,0,False,False,False,False,False,False,0,15256,13100,0,BOTTOM,0,1,0,3140,2031,3072,1055,6676,3031,3340,16,4,15,BOTTOM,700,4,2,597,3142,1118,2824,0,4,0,0,0,0,0,6,4,0,128968,30966,13636,0,0,0,0,0,0,0,0,4078,0,UlQft-i0VsWUA-_9N07lzQ7kR2QNfjV-3Mlz0_t-MkZJzuVPMiqC2DD7CBBng1fz5g4T8zRjs5VyaQ,0,1,Kemimialila,EUW,CARRY,3111,0,69,45,44,7,0,3,4,5,21,tdX86NprNaUxOZv4iyo94y4H5Y-c30nzy6yZEU0UgJSlJAxuEOAGReNcHA,40,,False,100,BOTTOM,16,1665,4,139078,32761,0,17030,0,6815,0,176,187,99,1,0,6968,676,568,1,5,4,0,0,25,0,2,10,True,0,0.0,0,0,0,0,0,0,0,0,0,0,0,165,0,1,1,0,0.0,0,0,,0,1180.04912977686,0.13610276512038302,0,4,0,0,2,1398.239881598,0,0.0,0,0,0,0,0,0,0,0,0,0,1,0,1665.79097913,0.0,549.5223743741153,0,,0,0,0,0.0,0,1,5.5,0,0.5116279069767442,0,4,3,0.0,0,1,0,0,0,55,0,0,0,23.0,1,1,0,0.0,0,0,2,0,0,1,0,0,0,14,1,0,0,0,0,0,0,0,42.4447936009999,27,37,0,0,5,,10,0,0,1,22,0,0,10,0,0,1,0.2807354802665207,0,0,0,21,5,0,0,0,0,-0.15848100185394287,0.9052457537973058,1,2,1,0,0,0,0,0,0,0,0,0,0,0,0,0,5001,5008,5005,483.59611117800006,,,,,,7699095132,8005,8009,9104,8017,8321,8313,2017,2593,9,1157,792,3,2017,0,10,0,0,0,0,0,0,0,0,0
0,0,0,0,0,0,0,0,0,0,0,0,0,0,16,0,0,9272,12,89,Leona,0,3,8,569,1811,2380,569,15984,0,4,2,0,0,True,2,1,False,False,False,False,False,False,0,9163,7705,0,UTILITY,0,1,0,3869,6660,3009,3075,2524,2022,3364,26,1,2,BOTTOM,23,2,1,596,13991,5022,7517,0,0,0,0,1,0,0,3,5,0,6687,2686,11424,0,0,0,0,0,0,0,0,7015,0,BjRmJOKSOoPVYLwyT-jIUO8t48sXjd1uXzwiNf55OiuFkyZRwmi8XoBTPKP8mOiSBbzbodvjkWvlsg,0,0,Hachiko,kumo,SUPPORT,1208,0,50,36,31,9,0,8,14,5,4,rZs5YceXCBj8--oYyjNOxJOMlHKxyCIhGSm7rpc0016x_5E,597,,False,100,UTILITY,60,1665,0,24168,8696,0,19414,0,2319,0,29,212,115,1,0,3489,987,471,0,2,4,0,0,58,2,5,19,True,0,266.9388885498047,0,0,0,0,0,0,0,0,0,0,0,126,0,0,1,0,0.0,0,1,0.8427873569373182,2,313.2271476843737,0.15515235503608996,0,4,0,0,2,1398.239881598,0,0.0,0,0,58,0,0,0,0,0,0,0,1,0,1665.79097913,0.0,330.06750753906636,0,,14,0,0,0.0,0,0,4.5,1,0.4186046511627907,0,0,0,1.0,0,0,0,0,4,10,0,0,0,4.0,1,2,0,0.0,0,0,0,0,0,0,0,0,0,15,1,0,0,0,0,0,0,0,,22,19,0,0,0,,17,0,5,0,18,0,0,7,0,0,1,0.07451721417252587,0,0,0,15,2,0,0,0,0,-0.14648789167404175,2.105481505747373,2,5,3,1,0,0,0,0,0,0,0,0,0,0,0,0,5001,5001,5007,483.59611117800006,1.0,,,1.0,,7699095132,8351,8321,8345,8347,8473,8242,68,380,3,0,490,78,449,0,0,0,0,0,0,0,217,0,0,0
0,0,0,0,0,0,0,0,0,0,0,0,0,4,7,0,0,12116,14,106,Volibear,0,0,2,14578,2862,17440,14578,27334,0,11,0,0,0,True,0,0,False,False,False,False,False,False,0,8717,8650,0,TOP,0,0,1,3158,2510,6675,3067,1028,1006,3340,18,0,0,JUNGLE,214,0,0,416,64707,9587,7946,0,0,0,1,0,0,0,0,6,0,43864,12777,28806,0,0,0,0,0,0,0,0,6082,0,8xginXP5wsJKpBAd9bndGI8CJOeth_j0SSEda-3L2CY77-oo-pWjHYZtMZOfpb9B7Hh4IrxK4Pja7w,0,0,BLUEZAO,EUW,NONE,1220,0,51,68,43,7,0,2,4,6,14,YYSbThMrF0vJaQgRNSRyP7-VwPdf89MYDC62KSvO9SqyorFM,314,,False,200,TOP,35,1665,0,115432,23539,0,37106,0,5603,0,134,209,357,1,0,6861,1175,353,1,1,9,0,0,18,0,1,7,False,0,0.0,0,0,0,0,0,0,0,0,0,0,0,169,0,0,0,0,0.0,0,0,,0,847.8842937126237,0.25862195704041685,0,11,0,0,0,,0,0.0,0,0,29,0,0,0,0,0,1,0,0,0,1665.79097913,0.0,313.9810125244005,0,,5,0,0,0.0,0,0,0.6363636363636364,0,0.2916666666666667,0,0,0,0.0,0,0,0,0,0,66,0,0,0,5.0,0,1,0,0.0,0,0,0,0,0,0,0,0,0,7,1,0,0,0,0,1,0,0,,5,0,0,0,0,1.0,7,0,0,0,7,0,0,4,0,0,0,0.24133630540164472,0,1,0,16,1,5,0,0,0,-0.31975096464157104,0.6829850085437958,1,1,0,0,0,0,0,0,0,0,0,0,0,0,0,0,5001,5008,5005,,,,,,677.53071738,7699095132,8008,9111,9105,8299,8446,8453,1379,375,16,799,1874,692,1379,140,50,0,0,500,0,0,0,0,0,0
0,0,0,0,0,0,0,0,0,0,0,0,0,4,3,0,0,14504,15,234,Viego,0,8,3,4010,19966,23976,4010,20823,0,7,1,1,0,True,1,0,False,True,False,False,False,False,0,14894,13375,0,JUNGLE,0,0,1,6676,3031,3123,6672,3009,3035,3364,24,2,11,JUNGLE,698,7,3,692,5925,1230,9116,2,173,0,1,0,0,0,8,7,0,178002,14280,13794,0,0,0,0,0,0,0,0,27,0,gq3XtWjqaKL18xhuw9y8Bt7zgmF7cglEA0wmeGsrxvxrw-LId3-jo3-GrE5iBlhawRmAogfrX0QJlA,0,12,SKT1 IWDominate,EUW,NONE,1209,0,137,65,44,15,0,12,11,4,4,gRAtOjh9bmuSzpnMKW5zVlfea0A_f0ysDsY4Rs-f8bWK0Gc,60,,False,200,JUNGLE,14,1665,145,265714,16250,0,23533,4,7704,0,10,238,215,1,1,81787,739,621,1,1,9,0,0,15,5,1,1,False,0,0.0,0,0,0,0,0,0,0,0,0,0,0,261,0,100,0,0,737.4204406738281,0,0,,1,585.3345069232462,0.16401783432221115,0,7,9,0,0,,0,0.0,0,0,13,1,0,0,0,0,1,0,0,0,1665.79097913,,536.4659714077545,0,,9,2,1,62.80000004172325,0,0,2.0,1,0.5833333333333334,0,1,5,,0,2,0,1,3,0,1,0,0,32.30000001192093,0,2,0,-41.00000008940697,0,0,2,0,0,5,0,0,0,12,1,0,0,0,0,1,0,1,,55,14,0,0,2,,0,0,0,0,14,0,0,7,0,0,0,0.1666058309753621,0,1,0,5,1,5,0,1,0,-0.539194643497467,0.5736387230179824,4,1,1,0,0,0,0,0,0,0,0,0,0,0,0,0,5001,5008,5005,,,0.0,1.0,,677.53071738,7699095132,8010,9111,9104,8014,8347,8321,301,789,10,709,0,760,0,280,40,0,0,0,0,0,0,0,0,0
0,0,0,0,0,0,0,0,0,0,0,0,1,4,7,0,0,12296,14,3,Galio,0,21,2,1135,342,1477,1135,41543,0,6,0,0,0,True,9,10,True,False,False,False,False,False,0,9664,9450,0,MIDDLE,0,0,1,4633,1082,2421,1056,3175,6664,3340,22,0,3,MIDDLE,0,0,1,493,120310,21222,9909,0,2,0,1,0,0,0,22,8,0,3753,537,23868,0,0,0,0,0,0,0,0,7027,0,mF9bCq8drs9Ki4WAWXGd8yzENe56nSc1z_IZ2c9d9yXVX6Nvgq8-TsR1F8qdSBCNc5xI2B8RZw8PPw,0,8,yagami64,EUW,SOLO,1206,0,93,26,61,6,0,4,4,4,12,ydLjZFO7WgsCprfE9dl3qSwtretpaXTxqs5JItz5RdaT9CRR,815,,False,200,MIDDLE,43,1665,0,132780,21760,1074,35888,0,7384,0,177,127,135,1,0,8715,0,2110,0,0,9,0,0,26,0,2,12,False,0,904.1256332397461,0,0,0,0,0,0,0,0,0,0,0,186,0,0,0,0,231.03900146484375,0,0,,0,783.7906571759067,0.25013040924763286,0,6,5,0,0,,0,1074.6624755859375,0,0,45,0,0,0,0,0,1,0,0,0,1665.79097913,0.0,348.0940648555089,0,,5,0,0,0.0,0,0,1.6666666666666667,1,0.4166666666666667,0,0,1,0.0,0,0,1,0,12,61,0,0,0,9.0,0,1,0,0.0,0,0,0,0,0,2,0,0,0,9,1,0,0,0,0,0,0,0,,41,53,0,0,1,,12,0,2,0,10,0,0,4,0,0,0,0.22309310694139609,0,1,0,4,0,5,0,0,0,-0.17606627941131592,0.9562061761971228,1,2,1,1,0,0,0,0,0,0,0,0,0,0,0,0,5001,5008,5008,,,,,,677.53071738,7699095132,8439,8401,8473,8451,8275,8210,1096,476,849,243,8,6,1412,0,0,0,0,0,0,0,0,0,0,0
0,0,0,0,0,0,0,0,0,0,0,0,0,0,1,0,0,11929,14,498,Xayah,0,1,6,4014,2495,6510,4014,9511,0,7,4,0,1,True,4,2,False,False,False,False,False,False,0,11172,10900,0,BOTTOM,0,0,1,1055,6675,3031,3032,0,0,3363,21,1,6,JUNGLE,415,2,1,327,235,235,6724,0,4,0,1,0,0,0,4,9,0,119193,15171,11824,0,0,0,0,0,0,0,0,4763,1,VQd9ZUMKvc3B78z_NAUV_GWxsajks_FTTO2Q3RHpEaKpVK7wvzFQOwXveQ9nyuCAndU7HcF6NIr0cw,0,9,Sasko Uchiha,EUW,NONE,3006,0,69,27,47,5,0,5,21,3,4,obJmtH0Bl8Yj-jGL_FSYLOVDYuZ0UnwBcz_ag_T4ffccbto,955,,False,200,BOTTOM,18,1665,0,122367,15701,0,19159,0,3299,0,177,51,162,1,0,2937,294,610,0,0,9,0,0,29,4,2,15,False,0,0.0,0,0,0,0,0,0,0,0,0,0,0,148,0,0,0,0,570.0899963378906,0,0,,4,565.5516049263155,0.13353641510804473,0,7,11,0,1,,0,0.0,0,0,12,0,1,0,0,0,1,0,0,0,1665.79097913,0.0,402.4080005149235,0,,1,0,0,0.0,1,0,1.0,0,0.2916666666666667,0,0,0,0.0,0,1,1,0,10,51,0,0,0,21.0,0,1,0,0.0,0,0,0,0,0,1,0,0,0,7,1,0,0,0,0,0,0,0,,75,47,0,0,0,,9,0,2,0,7,0,0,3,1,0,0,0.16097495360982353,0,1,0,3,0,5,0,0,0,0.18832731246948242,1.0757282641495698,0,2,1,0,0,0,0,0,0,0,0,0,0,0,0,0,5011,5008,5005,831.703143499,,,,,677.53071738,7699095132,8008,8009,9103,8014,8345,8304,314,907,0,296,3,10,314,0,0,0,0,3,0,0,0,0,200,0
0,0,0,0,0,0,0,0,0,0,0,0,0,3,9,0,0,9941,12,80,Pantheon,0,0,3,2396,956,3353,2396,16447,0,12,1,0,0,True,9,7,False,False,False,True,False,False,0,10340,9640,0,UTILITY,0,0,1,3142,3111,3877,3071,3134,3133,3364,28,1,4,JUNGLE,0,3,1,281,2775,677,7219,0,4,0,1,0,0,0,27,10,0,60201,18139,19962,0,0,0,0,0,0,0,0,3632,0,dH61NlGBj8551Xf89JhGuTVEVJ5lfDbIGgTVWkbgoTJZDOpp0fBO6gSjqoUFsVFxGduzATXFD3YmIg,0,8,LetMeSmurf,EASY,NONE,1208,0,86,34,33,5,0,7,14,5,4,p28vKHS4C_qgeCFtCPX06qI01D887wZ1XGzaLSuFR0mEP6Y,110,,False,200,UTILITY,27,1665,0,65865,20287,0,27790,0,2018,0,68,40,315,1,0,2888,1469,608,1,1,9,0,0,68,1,5,27,False,0,0.0,0,0,0,0,0,0,0,0,0,0,0,158,0,0,0,0,106.18456268310547,0,1,0.31245128285952944,1,730.7283791530878,0.19369338428169444,0,12,15,0,0,,0,0.0,0,0,27,0,0,0,0,0,1,0,0,0,1665.79097913,0.0,372.4375114571821,0,,9,0,0,0.0,1,1,1.0833333333333333,0,0.5416666666666666,0,1,2,1.0,0,0,0,0,2,27,0,0,0,43.0,0,2,0,0.0,0,0,0,0,0,1,0,0,0,12,1,0,0,0,0,0,0,1,,90,12,0,0,1,,26,0,0,1,13,0,0,8,0,0,0,0.20798980307177356,0,1,0,3,1,5,0,0,0,0.17162954807281494,2.466844298139926,0,5,3,0,0,0,0,0,0,0,0,0,0,0,0,0,5001,5008,5008,,1.0,,,,677.53071738,7699095132,8005,9111,9105,8014,8126,8105,1176,679,18,323,559,40,1176,260,0,0,0,5,0,0,0,0,0,0
